review_id,product_id,product_type,rating,content,date_relative,date_created,likes,has_comment,picture_count,video_count,position_in_list,site_id,picture_urls,collected_at
1025682824,MLB15238956,catalog,5,"Eu pesquisei muito pra encontrar as melhores marcas de chapinha das 5 melhores marcas a mq 480 ficou entre, primeira e segundo lugar das pesquisas. A minha esposa vai amar essa chapinha que eu comprei de presente 🎁 de aniversário pra ela 😍 já testei e aprovei. Eu recomendo podem comprar sem medo 👍🏻.",Há mais de 1 ano,2024-02-25T16:37:33Z,188,True,2,0,1,MLB,https://http2.mlstatic.com/D_NQ_NP_853639-MLA74602209148_022024-F.jpg | https://http2.mlstatic.com/D_NQ_NP_859647-MLA74602209150_022024-F.jpg,2026-09-01T14:24:03.234889+00:00
954439666,MLB15238956,catalog,5,"Estou usado a uma semana( 22/01/24).
Comprei pra uso profissional tenho salão.
E estou amando o produto.
Aquecimento bom.
Confortável pra usar.
Cabo longo facilita pra uso em cabelos longos.
Quanto a durabilidade ainda não tenho como falar pois faz apenas uma semana de uso. Mas assim que tiver alguma coisa pra passar voltarei aqui para opinar pois consideram muito importante.",Há mais de 1 ano,2024-01-22T18:25:43Z,103,True,0,0,2,MLB,,2026-09-01T14:24:03.234889+00:00
1261151896,MLB15238956,catalog,5,,Há mais de 1 ano,2024-06-13T23:38:34Z,77,False,3,0,3,MLB,https://http2.mlstatic.com/D_NQ_NP_804313-MLA76790328024_062024-F.jpg | https://http2.mlstatic.com/D_NQ_NP_939374-MLA76790328022_062024-F.jpg | https://http2.mlstatic.com/D_NQ_NP_895097-MLA76996605769_062024-F.jpg,2026-09-01T14:24:03.234889+00:00
972370061,MLB15238956,catalog,5,"Maravilhosa, não é a toa que chamam de ""ferrari das chapinhas"". Esquenta bem e mantém a temperatura, perfeita para fazer progressiva. Visor digital, tem vários níveis de temperatura.",Há mais de 1 ano,2024-01-31T18:52:40Z,74,True,1,0,4,MLB,https://http2.mlstatic.com/D_NQ_NP_933070-MLA75512138161_032024-F.jpg,2026-09-01T14:24:03.234889+00:00
540387184,MLB15238956,catalog,5,Perfeita a melhor compra que fiz valeu cada centavo.,Há mais de 1 ano,2023-07-24T03:49:40Z,54,True,2,0,5,MLB,https://http2.mlstatic.com/D_NQ_NP_989579-MLA70730387835_072023-F.jpg | https://http2.mlstatic.com/D_NQ_NP_821990-MLA70699921330_072023-F.jpg,2026-09-01T14:24:03.234889+00:00
1304576650,MLB15238956,catalog,5,"Sou cabeleireira profissional e depois de pesquisar bastante vi que essa prancha é umas das melhores no mercado. Comprei tem duas semanas e estou amando, top. Principalmente para progressiva.
Só não consegui registrar minha garantia ainda, fica dando erro 🙁.",Há mais de 1 ano,2024-07-02T00:30:02Z,45,True,1,0,6,MLB,https://http2.mlstatic.com/D_NQ_NP_784314-MLA77384977153_072024-F.jpg,2026-09-01T14:24:03.234889+00:00
1431311411,MLB15238956,catalog,5,Maravilhosa top.,Há mais de 1 ano,2024-08-25T12:09:58Z,34,True,3,0,7,MLB,https://http2.mlstatic.com/D_NQ_NP_836192-MLA78449558048_082024-F.jpg | https://http2.mlstatic.com/D_NQ_NP_881856-MLA78449212668_082024-F.jpg | https://http2.mlstatic.com/D_NQ_NP_813442-MLA78681427283_082024-F.jpg,2026-09-01T14:24:03.234889+00:00
729408309,MLB15238956,catalog,5,"Perfeita, esquenta super bem, além de ser linda é fácil de manusear.",Há mais de 1 ano,2023-10-18T01:32:24Z,34,True,3,0,8,MLB,https://http2.mlstatic.com/D_NQ_NP_826732-MLA72315443155_102023-F.jpg | https://http2.mlstatic.com/D_NQ_NP_699515-MLA72315528107_102023-F.jpg | https://http2.mlstatic.com/D_NQ_NP_666185-MLA72315538043_102023-F.jpg,2026-09-01T14:24:03.234889+00:00
2102770131,MLB15238956,catalog,5,"Chapinha maravilhosa! aquece super rápido, tem uma ótima regulagem de temperaturas, silenciosa, encaixe perfeito nas mãos e ajusta o encaixe nos fios, pegando até na raiz. Diminuiu bastante meu tempo nas progressivas , deixa um brilho e um balanço incrível. Pesquisei bastante entre essa e a lizze, mais pela melhores avaliações comprei essa e não me arrependo! ela é perfeita.",Há 1 ano,2025-06-13T16:00:10Z,32,True,8,0,9,MLB,https://http2.mlstatic.com/D_NQ_NP_807206-MLA86094018053_062025-F.jpg | https://http2.mlstatic.com/D_NQ_NP_881402-MLA86094125809_062025-F.jpg | https://http2.mlstatic.com/D_NQ_NP_786614-MLA85781957868_062025-F.jpg | https://http2.mlstatic.com/D_NQ_NP_626541-MLA85781957884_062025-F.jpg | https://http2.mlstatic.com/D_NQ_NP_611874-MLA85781803060_062025-F.jpg | https://http2.mlstatic.com/D_NQ_NP_838289-MLA86093969089_062025-F.jpg | https://http2.mlstatic.com/D_NQ_NP_885773-MLA85781889338_062025-F.jpg | https://http2.mlstatic.com/D_NQ_NP_892537-MLA86094076419_062025-F.jpg,2026-09-01T14:24:03.234889+00:00
1344623647,MLB15238956,catalog,4,"Achei estranho pq a caixa não veio embalada,veio aberta.
E a caixa suja. Parecia que já foi usada.",Há mais de 1 ano,2024-07-19T15:15:47Z,32,True,3,0,10,MLB,https://http2.mlstatic.com/D_NQ_NP_636579-MLA77600320226_072024-F.jpg | https://http2.mlstatic.com/D_NQ_NP_698996-MLA77818997299_072024-F.jpg | https://http2.mlstatic.com/D_NQ_NP_772960-MLA77600576494_072024-F.jpg,2026-09-01T14:24:03.234889+00:00
376520233,MLB15238956,catalog,5,Ameii.,Há mais de 1 ano,2023-05-11T15:46:05Z,28,True,1,0,2,MLB,https://http2.mlstatic.com/D_NQ_NP_732543-MLA69366562987_052023-F.jpg,2026-09-01T14:24:03.234889+00:00
1347184234,MLB15238956,catalog,5,Amei a minha prancha ela é perfeita faz cachos maravilhosos super indico.,Há mais de 1 ano,2024-07-18T21:59:09Z,27,True,2,0,3,MLB,https://http2.mlstatic.com/D_NQ_NP_707458-MLA77841562213_072024-F.jpg | https://http2.mlstatic.com/D_NQ_NP_732782-MLA77841829327_072024-F.jpg,2026-09-01T14:24:03.234889+00:00
597771281,MLB15238956,catalog,5,Super recomendo ❤️ esquenta muito.,Há mais de 1 ano,2023-08-15T14:45:01Z,26,True,4,0,4,MLB,https://http2.mlstatic.com/D_NQ_NP_780197-MLA71059550118_082023-F.jpg | https://http2.mlstatic.com/D_NQ_NP_801677-MLA71097109653_082023-F.jpg | https://http2.mlstatic.com/D_NQ_NP_773892-MLA71059550114_082023-F.jpg | https://http2.mlstatic.com/D_NQ_NP_943191-MLA71096763827_082023-F.jpg,2026-09-01T14:24:03.234889+00:00
75869191,MLB15238956,catalog,5,"Amei melhor prancha que usei até hoje, antes levava 4 horas em uma progressiva prancha do horas e horas, agora em 2 horas no máximo 2 horas e meia tá toop e o cabelo fica super liso, ela desliza bem, muito fácil de manusear, não prende nem puxa cabelo e é super linda eu amei, super indico.",Há mais de 1 ano,2020-08-24T21:44:16Z,26,True,0,0,5,MLB,,2026-09-01T14:24:03.234889+00:00
2782884924,MLB15238956,catalog,5,,Há 5 meses,2026-03-07T03:50:44Z,25,False,7,0,6,MLB,https://http2.mlstatic.com/D_NQ_NP_695540-MLA107549025604_032026-F.jpg | https://http2.mlstatic.com/D_NQ_NP_730292-MLA107548578746_032026-F.jpg | https://http2.mlstatic.com/D_NQ_NP_875940-MLA107548698040_032026-F.jpg | https://http2.mlstatic.com/D_NQ_NP_678050-MLA107549084814_032026-F.jpg | https://http2.mlstatic.com/D_NQ_NP_877472-MLA108275194407_032026-F.jpg | https://http2.mlstatic.com/D_NQ_NP_965377-MLA107547478282_032026-F.jpg | https://http2.mlstatic.com/D_NQ_NP_864163-MLA108275194399_032026-F.jpg,2026-09-01T14:24:03.234889+00:00
1948654585,MLB15238956,catalog,5,Amei muito boa alisa rápido e aquece rápido também e tem os níveis de temperatura recomendo.,Há 1 ano,2025-03-27T19:50:32Z,24,True,5,0,7,MLB,https://http2.mlstatic.com/D_NQ_NP_678312-MLA83367030793_032025-F.jpg | https://http2.mlstatic.com/D_NQ_NP_764694-MLA83367020829_032025-F.jpg | https://http2.mlstatic.com/D_NQ_NP_801997-MLA83367030791_032025-F.jpg | https://http2.mlstatic.com/D_NQ_NP_914977-MLA83367069453_032025-F.jpg | https://http2.mlstatic.com/D_NQ_NP_967074-MLA83076650950_032025-F.jpg,2026-09-01T14:24:03.234889+00:00
1158989986,MLB15238956,catalog,5,"A prancha é maravilhosa , perfeita. Só tive um pouco de dificuldade para ligar ela, mas vi alguns vídeos. E como ela é de uso profissional eu uso ela no máximo em 200 graus celsius pra menos. Muito boa !.",Há mais de 1 ano,2024-04-30T12:17:31Z,23,True,3,0,8,MLB,https://http2.mlstatic.com/D_NQ_NP_877580-MLA76102782889_042024-F.jpg | https://http2.mlstatic.com/D_NQ_NP_772846-MLA76102782891_042024-F.jpg | https://http2.mlstatic.com/D_NQ_NP_869392-MLA75926843974_042024-F.jpg,2026-09-01T14:24:03.234889+00:00
521093027,MLB15238956,catalog,5,Maravilhoso facilita muito o trabalho 😃.,Há mais de 1 ano,2023-07-16T20:20:47Z,18,True,2,0,9,MLB,https://http2.mlstatic.com/D_NQ_NP_780748-MLA70526332977_072023-F.jpg | https://http2.mlstatic.com/D_NQ_NP_749576-MLA70526332975_072023-F.jpg,2026-09-01T14:24:03.234889+00:00
1044577040,MLB15238956,catalog,5,"Ela vem bem embalada, a caixa veio com um furo mas nada que atrapalhe.
Essa capinha é um casquinha de veludo e o cabo é bem grande.
O manual de instruções detalha muito bem a forma de uso, a temperatura ideal para cada tipo de cabelo e dica de conservação.
Tem também um mapa com localização das assistências técnicas.
Além de tudo essa cor é linda, ela é bem leve. Eu ameeeei.",Há mais de 1 ano,2024-03-05T23:01:48Z,17,True,4,0,10,MLB,https://http2.mlstatic.com/D_NQ_NP_813725-MLA74801796620_032024-F.jpg | https://http2.mlstatic.com/D_NQ_NP_958651-MLA74936835739_032024-F.jpg | https://http2.mlstatic.com/D_NQ_NP_878019-MLA74801796618_032024-F.jpg | https://http2.mlstatic.com/D_NQ_NP_966745-MLA74801796616_032024-F.jpg,2026-09-01T14:24:03.234889+00:00
1911956027,MLB15238956,catalog,5,Muito bom testei no cabelo da minha filha e ficou top comprem sem medo excelente qualidade esse foi o primeiro teste vou continuar usando pra ver mas já gostei de início.,Há 1 ano,2025-03-13T09:57:00Z,16,True,3,0,1,MLB,https://http2.mlstatic.com/D_NQ_NP_651249-MLA83048748167_032025-F.jpg | https://http2.mlstatic.com/D_NQ_NP_917061-MLA83048360883_032025-F.jpg | https://http2.mlstatic.com/D_NQ_NP_781418-MLA83048201935_032025-F.jpg,2026-09-01T14:24:03.234889+00:00
835708662,MLB15238956,catalog,5,"Acho super versátil ela ter mostrador digital com várias opções de temperatura.
Ela é leve prática e linda!!.
Eu mesmo faço progressiva no meu cabelo e ainda a uso para o dia a dia nas temperaturas mais baixas.
Amei!!.",Há mais de 1 ano,2023-12-04T14:09:05Z,16,True,0,0,2,MLB,,2026-09-01T14:24:03.234889+00:00
1935581245,MLB15238956,catalog,5,Maravilhosa super leve amei comparei outra.,Há 1 ano,2025-03-22T15:19:45Z,15,True,2,0,3,MLB,https://http2.mlstatic.com/D_NQ_NP_748868-MLA82960041602_032025-F.jpg | https://http2.mlstatic.com/D_NQ_NP_692889-MLA82960127542_032025-F.jpg,2026-09-01T14:24:03.234889+00:00
1097803262,MLB15238956,catalog,5,"Perfeita!! muito melhor q a l extreme ! cabeleireiros invistam nessa! esquenta rapidamente em 1 passada vc já vê o cabelo liso! além de linda é eficaz,fácil de limpar,não tinha 1 arranhão sequer. Melhor investimento ❤️.",Há mais de 1 ano,2024-04-01T17:11:26Z,15,True,0,0,4,MLB,,2026-09-01T14:24:03.234889+00:00
817937662,MLB15238956,catalog,5,"Recomendo, excelente 👏👏👏👏👏🤩.",Há mais de 1 ano,2023-11-27T02:57:42Z,15,True,0,0,5,MLB,,2026-09-01T14:24:03.234889+00:00
2361426599,MLB15238956,catalog,5,"Na verdade, tinha dúvidas se comprava ou não, mas decidi porque ela tem 15 níveis de temperatura. Nunca tinha conseguido fazer as minhas escovas funcionarem, pois meu cabelo é muito grosso, cacheado, rebelde e bastante volumoso.  
Testei só para ver se funcionava e tudo tranquilo, passei a chapinha umas 4 vezes e ficou assim, do outro lado é meu cabelo normal. Cuidado, usei a temperatura de 390 e 410 para não queimar, pois quero ela para uso pessoal, mas mesmo assim, não faço escova todos os dias.",Há 11 meses,2025-09-24T03:50:40Z,13,True,3,0,6,MLM,https://http2.mlstatic.com/D_NQ_NP_848102-MLA93231826521_092025-F.jpg | https://http2.mlstatic.com/D_NQ_NP_666841-MLA93231767105_092025-F.jpg | https://http2.mlstatic.com/D_NQ_NP_642966-MLA93231717229_092025-F.jpg,2026-09-01T14:24:03.234889+00:00
53769890,MLB15238956,catalog,4,"A principio uma boa chapinha, mas na terceira progressiva a chapa já ficou marcada, e parece que é algo por dentro mesmo, pois não sai. Fora isso ela é ótima.",Há mais de 1 ano,2020-01-16T08:18:33Z,13,True,0,0,7,MLB,,2026-09-01T14:24:03.234889+00:00
1300557291,MLB15238956,catalog,5,"Produto top demais. Valeu muito o investimento. Aquece muuuuito rápido, poucas passadas e o cabelos fica extremamente liso, realmente profissional.
Super indico.",Há mais de 1 ano,2024-07-02T01:11:46Z,12,True,0,0,8,MLB,,2026-09-01T14:24:03.234889+00:00
2955511114,MLB15238956,catalog,5,"Estou avaliando após meses de uso e posso dizer que essa foi uma das melhores compras que fiz! se tivesse mais estrelas, eu daria. As temperaturas são excelentes e não ficam oscilando, mantendo o calor durante todo o uso. Comprei para uso doméstico, mas já emprestei para uma cabeleireira e ela atendeu super bem à demanda, sem perder a qualidade. Além disso, o fio é comprido e o cabo giratório facilita muito o manuseio. Super recomendo!.",Há 2 meses,2026-06-08T21:59:18Z,10,True,2,1,9,MLB,https://http2.mlstatic.com/D_NQ_NP_795172-MLA112945668535_062026-F.jpg | https://http2.mlstatic.com/D_NQ_NP_605255-MLA111836947842_062026-F.jpg,2026-09-01T14:24:03.234889+00:00
982467642,MLB15238956,catalog,5,"Ótima, esquenta super rápido, a progressiva ficou perfeita e só passei 5 vezes em cada mecha, em 450°.",Há mais de 1 ano,2024-02-04T20:18:23Z,10,True,1,0,10,MLB,https://http2.mlstatic.com/D_NQ_NP_796922-MLA74395263971_022024-F.jpg,2026-09-01T14:24:03.234889+00:00
828188150,MLB15238956,catalog,5,"Amei,tinha visto muitos comentários negativos,mas resolvi arisca e não me arrependo, maravilhosa eu super indico,uma chapinha leve esquenta rápido e deixa o cabelo bem alinhado com um brilho maguinifico,amei!.",Há mais de 1 ano,2023-11-30T22:20:09Z,10,True,0,0,1,MLB,,2026-09-01T14:24:03.234889+00:00
1486921674,MLB15238956,catalog,4,"Até agora nada a reclamar, usei apenas uma vez pra fazer uma selagem no cabelo, alisa super bem e super rápido, é prática e leve.",Há 1 ano,2024-09-17T12:03:20Z,9,True,2,0,2,MLB,https://http2.mlstatic.com/D_NQ_NP_795483-MLA79314464839_092024-F.jpg | https://http2.mlstatic.com/D_NQ_NP_985923-MLA79313904693_092024-F.jpg,2026-09-01T14:24:03.234889+00:00
1085059057,MLB15238956,catalog,5,,Há mais de 1 ano,2024-03-27T02:46:00Z,9,False,1,0,3,MLB,https://http2.mlstatic.com/D_NQ_NP_650631-MLA75412457907_032024-F.jpg,2026-09-01T14:24:03.234889+00:00
1131372373,MLB15238956,catalog,5,Perfeita. Trabalho com progressiva e amei!.,Há mais de 1 ano,2024-04-18T16:26:36Z,9,True,0,0,4,MLB,,2026-09-01T14:24:03.234889+00:00
812469052,MLB15238956,catalog,5,Minha esposa gostou muito.,Há mais de 1 ano,2023-11-24T15:36:15Z,9,True,0,0,5,MLB,,2026-09-01T14:24:03.234889+00:00
809464579,MLB15238956,catalog,5,Maravilhoso.,Há mais de 1 ano,2023-11-23T19:51:49Z,9,True,0,0,6,MLB,,2026-09-01T14:24:03.234889+00:00
804193730,MLB15238956,catalog,5,Muito boa.,Há mais de 1 ano,2023-11-21T14:51:19Z,9,True,0,0,7,MLB,,2026-09-01T14:24:03.234889+00:00
1352698430,MLB15238956,catalog,5,"Foi minha primeira compra no Mercado Livre 🥰🫰🏼
A prancha é realmente maravilhosa, leve, com bom agarre, confortável. Recomendo de 100000000%",Há mais de 1 ano,2024-07-21T06:15:13Z,8,True,1,0,8,MLC,https://http2.mlstatic.com/D_NQ_NP_626108-MLA77628997142_072024-F.jpg,2026-09-01T14:24:03.234889+00:00
805872122,MLB15238956,catalog,5,Bom top.,Há mais de 1 ano,2023-11-22T01:18:55Z,8,True,0,0,9,MLB,,2026-09-01T14:24:03.234889+00:00
2927154392,MLB15238956,catalog,5,"A chapinha e linda 😍 e a primeira vez que eu compro dela. Nunca trabalhei com a marca , mais estou ansiosa pra saber se realmente entrega oq promete. Só achei estranho porque chegou em embalagem do mercado livre. E sem os plásticos de proteção no led. Fora isso tudo certinho.",Há 3 meses,2026-05-25T18:16:27Z,7,True,6,1,10,MLB,https://http2.mlstatic.com/D_NQ_NP_963686-MLA111192996176_052026-F.jpg | https://http2.mlstatic.com/D_NQ_NP_642313-MLA111192733998_052026-F.jpg | https://http2.mlstatic.com/D_NQ_NP_877060-MLA112205507503_052026-F.jpg | https://http2.mlstatic.com/D_NQ_NP_754156-MLA112205507469_052026-F.jpg | https://http2.mlstatic.com/D_NQ_NP_763967-MLA111193604906_052026-F.jpg | https://http2.mlstatic.com/D_NQ_NP_798585-MLA111193402438_052026-F.jpg,2026-09-01T14:24:03.234889+00:00
2931776834,MLB15238956,catalog,5,"“simplesmente apaixonada nessa prancha! 😍 esquenta super rápido, muito potente e deixou meu cabelo super liso, alinhado e com brilho. Além disso, veio com uma capa de camurça linda, super prática e de ótima qualidade. Valeu muito a pena a compra!”.",Há 3 meses,2026-05-28T00:04:25Z,7,True,3,2,1,MLB,https://http2.mlstatic.com/D_NQ_NP_972993-MLA111310515118_052026-F.jpg | https://http2.mlstatic.com/D_NQ_NP_944782-MLA111310456054_052026-F.jpg | https://http2.mlstatic.com/D_NQ_NP_609553-MLA111309870098_052026-F.jpg,2026-09-01T14:24:03.234889+00:00
2686728744,MLB15238956,catalog,5,"É excelente, uso para alisar meu cabelo e, honestamente, adoro como ele sela o cabelo. É a segunda vez que a compro.",Há 7 meses,2026-01-16T15:29:12Z,7,True,4,0,2,MLM,https://http2.mlstatic.com/D_NQ_NP_666888-MLA104996184305_012026-F.jpg | https://http2.mlstatic.com/D_NQ_NP_710954-MLA104444276888_012026-F.jpg | https://http2.mlstatic.com/D_NQ_NP_925230-MLA104444306876_012026-F.jpg | https://http2.mlstatic.com/D_NQ_NP_932083-MLA104997340103_012026-F.jpg,2026-09-01T14:24:03.234889+00:00
2006859382,MLB15238956,catalog,5,"A prancha esquenta muito rápido e os níveis de temperatura são ótimos, pra garantia vem um qr code que te ajuda. Eu estou amando o produto. Tanto pra alisar quanto pra fazer cachos é otima.",Há 1 ano,2025-04-22T14:31:29Z,7,True,4,0,3,MLB,https://http2.mlstatic.com/D_NQ_NP_706456-MLA83672198662_042025-F.jpg | https://http2.mlstatic.com/D_NQ_NP_794998-MLA83672246662_042025-F.jpg | https://http2.mlstatic.com/D_NQ_NP_699124-MLA83672198750_042025-F.jpg | https://http2.mlstatic.com/D_NQ_NP_983532-MLA83672169458_042025-F.jpg,2026-09-01T14:24:03.234889+00:00
2450422339,MLB15238956,catalog,5,"Simplesmente perfeita ! valeu cada centavo. Uso para o dia a dia. Não sou profissional e me atendeu muito bem. Comprei uma chapinha há 3 meses ( gama ) e não gostei ela apagava o tempo todo e “quebrava” os fios. Essa é suave , e como meu cabelo já é liso , uso mas para alinhar os fios , com 1 passada já vê o resultado.",Há 10 meses,2025-10-26T22:06:55Z,7,True,1,0,4,MLB,https://http2.mlstatic.com/D_NQ_NP_986229-MLA95877435344_102025-F.jpg,2026-09-01T14:24:03.234889+00:00
832366503,MLB15238956,catalog,5,Muito bom o produto.,Há mais de 1 ano,2023-12-03T12:15:29Z,7,True,0,0,5,MLB,,2026-09-01T14:24:03.234889+00:00
809578959,MLB15238956,catalog,5,Muito bom.,Há mais de 1 ano,2023-11-23T20:37:43Z,7,True,0,0,6,MLB,,2026-09-01T14:24:03.234889+00:00
1579886179,MLB15238956,catalog,5,Amei 😍.,Há 1 ano,2024-10-29T19:51:36Z,6,True,7,0,7,MLB,https://http2.mlstatic.com/D_NQ_NP_723002-MLA80053585680_102024-F.jpg | https://http2.mlstatic.com/D_NQ_NP_945402-MLA80308724471_102024-F.jpg | https://http2.mlstatic.com/D_NQ_NP_685924-MLA80308714579_102024-F.jpg | https://http2.mlstatic.com/D_NQ_NP_905629-MLA80053311296_102024-F.jpg | https://http2.mlstatic.com/D_NQ_NP_855694-MLA80053311294_102024-F.jpg | https://http2.mlstatic.com/D_NQ_NP_920319-MLA80308714577_102024-F.jpg | https://http2.mlstatic.com/D_NQ_NP_744403-MLA80308724469_102024-F.jpg,2026-09-01T14:24:03.234889+00:00
2561971163,MLB15238956,catalog,5,"Linda demais, esquenta rapidinho, perfeita demais. Recomendo e fiz o retoque de raiz com o botox perfeito.",Há 9 meses,2025-12-01T22:22:57Z,6,True,6,0,8,MLB,https://http2.mlstatic.com/D_NQ_NP_630075-MLA100083322381_122025-F.jpg | https://http2.mlstatic.com/D_NQ_NP_685740-MLA100083370903_122025-F.jpg | https://http2.mlstatic.com/D_NQ_NP_988239-MLA99598650286_122025-F.jpg | https://http2.mlstatic.com/D_NQ_NP_681267-MLA102038482979_122025-F.jpg | https://http2.mlstatic.com/D_NQ_NP_796801-MLA102038502969_122025-F.jpg | https://http2.mlstatic.com/D_NQ_NP_848664-MLA102038740811_122025-F.jpg,2026-09-01T14:24:03.234889+00:00
2973677216,MLB15238956,catalog,5,"A melhor marca de prancha do momento , esquenta muito e de ótima qualidade. Eu super amei ela.",Há 2 meses,2026-06-18T23:32:35Z,5,True,5,2,9,MLB,https://http2.mlstatic.com/D_NQ_NP_954649-MLA113485394953_062026-F.jpg | https://http2.mlstatic.com/D_NQ_NP_884869-MLA112330873230_062026-F.jpg | https://http2.mlstatic.com/D_NQ_NP_814623-MLA113485887675_062026-F.jpg | https://http2.mlstatic.com/D_NQ_NP_892128-MLA112330873228_062026-F.jpg | https://http2.mlstatic.com/D_NQ_NP_708419-MLA112330873226_062026-F.jpg,2026-09-01T14:24:03.234889+00:00
2927452587,MLB15238956,catalog,5,Muito boa esquenta demais pra fazer botox e progressiva é excelente.,Há 3 meses,2026-05-30T17:52:52Z,5,True,3,1,10,MLB,https://http2.mlstatic.com/D_NQ_NP_901808-MLA111449161088_052026-F.jpg | https://http2.mlstatic.com/D_NQ_NP_740167-MLA112500950147_052026-F.jpg | https://http2.mlstatic.com/D_NQ_NP_926578-MLA111449131328_052026-F.jpg,2026-09-01T14:24:03.234889+00:00
2981433813,MLB15238956,catalog,5,"Muito boa, esquenta muito rápido e é bem leve, de manuseio facil.",Há 2 meses,2026-06-30T12:48:38Z,5,True,2,1,1,MLB,https://http2.mlstatic.com/D_NQ_NP_728553-MLA112758634728_062026-F.jpg | https://http2.mlstatic.com/D_NQ_NP_602464-MLA113950701457_062026-F.jpg,2026-09-01T14:24:03.234889+00:00
2739128657,MLB15238956,catalog,5,"A prancha é maravilhosa, ótima para fazer progressiva, desliza bem e esquenta rápido! com 5 passadas já atinge o objetivo do alisamento e dá pra pegar mechas largas….",Há 6 meses,2026-02-16T20:58:40Z,5,True,3,0,2,MLB,https://http2.mlstatic.com/D_NQ_NP_655380-MLA107349406181_022026-F.jpg | https://http2.mlstatic.com/D_NQ_NP_844721-MLA107349203025_022026-F.jpg | https://http2.mlstatic.com/D_NQ_NP_601062-MLA107349233027_022026-F.jpg,2026-09-01T14:24:03.234889+00:00
1120315545,MLB15238956,catalog,5,"Maravilhosa, esquenta muito rápido e alisa em poucas passadas. Gostei.",Há mais de 1 ano,2024-04-13T15:19:00Z,5,True,3,0,3,MLB,https://http2.mlstatic.com/D_NQ_NP_681190-MLA75803502439_042024-F.jpg | https://http2.mlstatic.com/D_NQ_NP_819283-MLA75803512203_042024-F.jpg | https://http2.mlstatic.com/D_NQ_NP_817660-MLA75803492443_042024-F.jpg,2026-09-01T14:24:03.234889+00:00
2964172526,MLB15238956,catalog,5,"Eu a uso para a aplicação de queratina e ela funciona muito bem, pois precisamos usar uma temperatura bastante alta. Recomendo pessoalmente.",Há 2 meses,2026-06-13T15:59:17Z,5,True,1,1,4,MLM,https://http2.mlstatic.com/D_NQ_NP_861065-MLA112069557878_062026-F.jpg,2026-09-01T14:24:03.234889+00:00
1295271042,MLB15238956,catalog,5,"Alisa super bem o cabelo, mostra qual a temperatura ideal para cada tipo de cabelo, primeira vez que utilizei e adorei, não conhecia a marca antes usada da lizze peguei essa e adorei.",Há mais de 1 ano,2024-06-27T20:06:19Z,5,True,2,0,5,MLB,https://http2.mlstatic.com/D_NQ_NP_914892-MLA77087488508_062024-F.jpg | https://http2.mlstatic.com/D_NQ_NP_631074-MLA77087224196_062024-F.jpg,2026-09-01T14:24:03.234889+00:00
1893607761,MLB15238956,catalog,5,,Há 1 ano,2025-03-05T10:43:16Z,5,False,1,0,6,MLB,https://http2.mlstatic.com/D_NQ_NP_722727-MLA82597387182_032025-F.jpg,2026-09-01T14:24:03.234889+00:00
879307478,MLB15238956,catalog,5,Muito boa faz tempo que queria comprar agora sim estamos satisfeitos com o produto.,Há mais de 1 ano,2023-12-21T01:03:27Z,5,True,1,0,7,MLB,https://http2.mlstatic.com/D_NQ_NP_670789-MLA73551050097_122023-F.jpg,2026-09-01T14:24:03.234889+00:00
1286558788,MLB15238956,catalog,5,Ótima comprei p minha prima ela amou.,Há mais de 1 ano,2024-06-24T16:52:35Z,5,True,0,0,8,MLB,,2026-09-01T14:24:03.234889+00:00
1136229426,MLB15238956,catalog,5,"Excelente,muito boa,dou botox no meu cabelo dou no da minha mãe e ela aquece perfeitamente é leve e de fácil manuseio.",Há mais de 1 ano,2024-04-19T09:46:41Z,5,True,0,0,9,MLB,,2026-09-01T14:24:03.234889+00:00
807681003,MLB15238956,catalog,5,Estou feliz com a compra.,Há mais de 1 ano,2023-11-23T01:36:53Z,5,True,0,0,10,MLB,,2026-09-01T14:24:03.234889+00:00
2773973648,MLB15238956,catalog,5,"Entrega: demorou 3 dias para chegar.
Produto: maravilhoso, caixa intacta, chegou em perfeito estado, funcionando tudo certinho.
Irei usar para realizar alistamentos, ela é muito boa para isso.
Desing dela é lindo a cor também.",Há 5 meses,2026-03-02T20:43:12Z,4,True,10,0,1,MLB,https://http2.mlstatic.com/D_NQ_NP_912013-MLA107966179251_032026-F.jpg | https://http2.mlstatic.com/D_NQ_NP_638124-MLA107966708525_032026-F.jpg | https://http2.mlstatic.com/D_NQ_NP_886621-MLA107966708521_032026-F.jpg | https://http2.mlstatic.com/D_NQ_NP_769708-MLA107967126625_032026-F.jpg | https://http2.mlstatic.com/D_NQ_NP_603420-MLA107965911555_032026-F.jpg | https://http2.mlstatic.com/D_NQ_NP_716676-MLA107966590355_032026-F.jpg | https://http2.mlstatic.com/D_NQ_NP_974904-MLA107966179253_032026-F.jpg | https://http2.mlstatic.com/D_NQ_NP_699740-MLA107261197076_032026-F.jpg | https://http2.mlstatic.com/D_NQ_NP_829103-MLA107966798163_032026-F.jpg | https://http2.mlstatic.com/D_NQ_NP_810212-MLA107262023040_032026-F.jpg,2026-09-01T14:24:03.234889+00:00
2488986768,MLB15238956,catalog,5,,Há 9 meses,2025-11-07T15:15:39Z,4,False,8,0,2,MLB,https://http2.mlstatic.com/D_NQ_NP_927304-MLA97100844952_112025-F.jpg | https://http2.mlstatic.com/D_NQ_NP_733822-MLA97100294002_112025-F.jpg | https://http2.mlstatic.com/D_NQ_NP_874281-MLA97559009801_112025-F.jpg | https://http2.mlstatic.com/D_NQ_NP_989386-MLA97558713523_112025-F.jpg | https://http2.mlstatic.com/D_NQ_NP_705543-MLA97100294004_112025-F.jpg | https://http2.mlstatic.com/D_NQ_NP_679627-MLA97559009797_112025-F.jpg | https://http2.mlstatic.com/D_NQ_NP_697577-MLA97100657780_112025-F.jpg | https://http2.mlstatic.com/D_NQ_NP_672926-MLA97558713533_112025-F.jpg,2026-09-01T14:24:03.234889+00:00
1840245013,MLB15238956,catalog,5,"Maravilhosa, super indico.",Há 1 ano,2025-02-09T05:56:16Z,4,True,6,0,3,MLB,https://http2.mlstatic.com/D_NQ_NP_686423-MLA82059498858_022025-F.jpg | https://http2.mlstatic.com/D_NQ_NP_879237-MLA82341668943_022025-F.jpg | https://http2.mlstatic.com/D_NQ_NP_605344-MLA82059150016_022025-F.jpg | https://http2.mlstatic.com/D_NQ_NP_633410-MLA82341668945_022025-F.jpg | https://http2.mlstatic.com/D_NQ_NP_761489-MLA82058782586_022025-F.jpg | https://http2.mlstatic.com/D_NQ_NP_984273-MLA82059219828_022025-F.jpg,2026-09-01T14:24:03.234889+00:00
2752336564,MLB15238956,catalog,4,"Apenas a prancha
não vem com luva nem pente
não vem com nenhum acessório, somente a prancha

Boa temperatura 🌡️
Ótimo espessura de cabo
Para trabalhar com vários aliados durante o dia, é excelente
NÃO VEM ACESSÓRIOS, NEM LUVA NEM PENTE",Há 6 meses,2026-02-18T23:58:10Z,4,True,4,0,4,MLM,https://http2.mlstatic.com/D_NQ_NP_746700-MLA107399179365_022026-F.jpg | https://http2.mlstatic.com/D_NQ_NP_750005-MLA106732175084_022026-F.jpg | https://http2.mlstatic.com/D_NQ_NP_674383-MLA107398704285_022026-F.jpg | https://http2.mlstatic.com/D_NQ_NP_846318-MLA107399850133_022026-F.jpg,2026-09-01T14:24:03.234889+00:00
1302832348,MLB15238956,catalog,5,Ótima. Qualidade boa. Esquenta muita. Perfeita pra alisamento pra todo tipo de alisamento. Marca profissional.,Há mais de 1 ano,2024-07-01T13:22:20Z,4,True,3,0,5,MLB,https://http2.mlstatic.com/D_NQ_NP_760414-MLA77160670544_072024-F.jpg | https://http2.mlstatic.com/D_NQ_NP_787768-MLA77373839235_072024-F.jpg | https://http2.mlstatic.com/D_NQ_NP_677003-MLA77160700254_072024-F.jpg,2026-09-01T14:24:03.234889+00:00
1108748527,MLB15238956,catalog,5,Linda. Perfeita. Com garantia. Profissional.,Há mais de 1 ano,2024-04-08T15:05:31Z,4,True,3,0,6,MLB,https://http2.mlstatic.com/D_NQ_NP_638727-MLA75661179335_042024-F.jpg | https://http2.mlstatic.com/D_NQ_NP_765758-MLA75661014255_042024-F.jpg | https://http2.mlstatic.com/D_NQ_NP_761280-MLA75661014259_042024-F.jpg,2026-09-01T14:24:03.234889+00:00
2571616091,MLB15238956,catalog,5,"Chegou em ótimas condições, espero que seja o que preciso, pois tinha dúvidas em pedi-la, já que trabalho com queratina e uso a Lizzie, e ela funcionou maravilhosamente bem para mim. Espero que supere minhas expectativas, pois vi comentários muito positivos.",Há 8 meses,2025-12-05T00:43:08Z,4,True,2,0,7,MLM,https://http2.mlstatic.com/D_NQ_NP_813626-MLA100397704523_122025-F.jpg | https://http2.mlstatic.com/D_NQ_NP_950928-MLA100397899785_122025-F.jpg,2026-09-01T14:24:03.234889+00:00
622023373,MLB15238956,catalog,5,É muito linda 😍 e esquenta rápido amei.,Há mais de 1 ano,2023-08-25T15:53:26Z,4,True,2,0,8,MLB,https://http2.mlstatic.com/D_NQ_NP_805535-MLA71282887794_082023-F.jpg | https://http2.mlstatic.com/D_NQ_NP_995940-MLA71282957146_082023-F.jpg,2026-09-01T14:24:03.234889+00:00
744580642,MLB15238956,catalog,5,"Apesar de ter visto bastante comentários negativos sobre essa prancha, mesmo assim decidi comprar,e não me arrependo nenhum pouco, prancha perfeita fiz uma aplicação de progressiva o resultado foi de 💯 liso, parabéns até agora nenhum ponto negativo para essa prancha maravilhosa 😍.",Há mais de 1 ano,2023-10-24T18:29:50Z,4,True,1,0,9,MLB,https://http2.mlstatic.com/D_NQ_NP_867970-MLA72391522404_102023-F.jpg,2026-09-01T14:24:03.234889+00:00
1897102838,MLB15238956,catalog,5,"Produto maravilhoso, não tem nem como explicar, vc passa uma vez ,já deixa o cabelo escorrido, e um produto que não tem que ficar passando várias vezes, ele e só e único.",Há 1 ano,2025-03-04T17:32:51Z,4,True,0,0,10,MLB,,2026-09-01T14:24:03.234889+00:00
1171966440,MLB15238956,catalog,5,Excelente produto,Há mais de 1 ano,2024-05-06T20:27:57Z,4,True,0,0,1,MCO,,2026-09-01T14:24:03.234889+00:00
1136273327,MLB15238956,catalog,5,Ótima a temperatura é super alta e facilitou muito pra mim na questão do tempo pois com a penas 5 passadas na mecha o cabelo já fica lisinho.,Há mais de 1 ano,2024-04-21T00:45:41Z,4,True,0,0,2,MLB,,2026-09-01T14:24:03.234889+00:00
842226636,MLB15238956,catalog,5,Top.,Há mais de 1 ano,2023-12-06T19:46:09Z,4,True,0,0,3,MLB,,2026-09-01T14:24:03.234889+00:00
796744254,MLB15238956,catalog,5,Produto muito bom.,Há mais de 1 ano,2023-11-17T23:25:40Z,4,True,0,0,4,MLB,,2026-09-01T14:24:03.234889+00:00
304231130,MLB15238956,catalog,5,"Ela é maravilhosa, a melhor que qualquer outra. Comprei já faz uma semana. Mais já dei 2 progressiva com ela. Ela não queima os cabelos, ótima pra trabalhar, não pesa, não repuxa os cabelos, ela desce nos fios bem macia. Até agora não tenho nada pra reclamar.",Há mais de 1 ano,2022-10-26T01:24:25Z,4,True,0,0,5,MLB,,2026-09-01T14:24:03.234889+00:00
3022580502,MLB15238956,catalog,5,Maravilhosa já testei alisa esquenta muito bem ótima pra progressiva.,Há 1 mês ,2026-07-17T21:58:33Z,3,True,7,2,6,MLB,https://http2.mlstatic.com/D_NQ_NP_789244-MLA113463226084_072026-F.jpg | https://http2.mlstatic.com/D_NQ_NP_961205-MLA114724756055_072026-F.jpg | https://http2.mlstatic.com/D_NQ_NP_901516-MLA113462668176_072026-F.jpg | https://http2.mlstatic.com/D_NQ_NP_603245-MLA113463107756_072026-F.jpg | https://http2.mlstatic.com/D_NQ_NP_807424-MLA114725051573_072026-F.jpg | https://http2.mlstatic.com/D_NQ_NP_911224-MLA114725756457_072026-F.jpg | https://http2.mlstatic.com/D_NQ_NP_614905-MLA113463077782_072026-F.jpg,2026-09-01T14:24:03.234889+00:00
2564445791,MLB15238956,catalog,5,,Há 8 meses,2025-12-03T00:26:51Z,3,False,8,0,7,MLB,https://http2.mlstatic.com/D_NQ_NP_894633-MLA99714381496_122025-F.jpg | https://http2.mlstatic.com/D_NQ_NP_922650-MLA100200153761_122025-F.jpg | https://http2.mlstatic.com/D_NQ_NP_849395-MLA99714844752_122025-F.jpg | https://http2.mlstatic.com/D_NQ_NP_932989-MLA99714814800_122025-F.jpg | https://http2.mlstatic.com/D_NQ_NP_868625-MLA99714321722_122025-F.jpg | https://http2.mlstatic.com/D_NQ_NP_781676-MLA99714440594_122025-F.jpg | https://http2.mlstatic.com/D_NQ_NP_618336-MLA99714381494_122025-F.jpg | https://http2.mlstatic.com/D_NQ_NP_636795-MLA99714814802_122025-F.jpg,2026-09-01T14:24:03.234889+00:00
2747283451,MLB15238956,catalog,4,,Há 6 meses,2026-02-20T19:47:17Z,3,False,7,0,8,MLB,https://http2.mlstatic.com/D_NQ_NP_952680-MLA107454897855_022026-F.jpg | https://http2.mlstatic.com/D_NQ_NP_604043-MLA106783590638_022026-F.jpg | https://http2.mlstatic.com/D_NQ_NP_970845-MLA106783708696_022026-F.jpg | https://http2.mlstatic.com/D_NQ_NP_882165-MLA106783590636_022026-F.jpg | https://http2.mlstatic.com/D_NQ_NP_609481-MLA106783650312_022026-F.jpg | https://http2.mlstatic.com/D_NQ_NP_687042-MLA106783296124_022026-F.jpg | https://http2.mlstatic.com/D_NQ_NP_796602-MLA106783445210_022026-F.jpg,2026-09-01T14:24:03.234889+00:00
2696095773,MLB15238956,catalog,5,"Maravilhosa, potente. Atinge a temperatura máxima em segundos. Tem regulagem de temperatura além disso é linda vem com um saquinho protetor de veludo.",Há 7 meses,2026-01-24T14:48:54Z,3,True,6,0,9,MLB,https://http2.mlstatic.com/D_NQ_NP_762632-MLA105754578479_012026-F.jpg | https://http2.mlstatic.com/D_NQ_NP_673124-MLA105754667479_012026-F.jpg | https://http2.mlstatic.com/D_NQ_NP_609814-MLA105754846599_012026-F.jpg | https://http2.mlstatic.com/D_NQ_NP_820381-MLA105754608055_012026-F.jpg | https://http2.mlstatic.com/D_NQ_NP_899727-MLA105754936637_012026-F.jpg | https://http2.mlstatic.com/D_NQ_NP_747478-MLA105174265344_012026-F.jpg,2026-09-01T14:24:03.234889+00:00
2352212148,MLB15238956,catalog,5,,Há 11 meses,2025-09-17T23:14:24Z,3,False,4,0,10,MLB,https://http2.mlstatic.com/D_NQ_NP_742518-MLA92705458309_092025-F.jpg | https://http2.mlstatic.com/D_NQ_NP_668560-MLA92705429871_092025-F.jpg | https://http2.mlstatic.com/D_NQ_NP_986181-MLA92298038994_092025-F.jpg | https://http2.mlstatic.com/D_NQ_NP_922401-MLA92705458299_092025-F.jpg,2026-09-01T14:24:03.234889+00:00
2967609196,MLB15238956,catalog,5,"Já estou usando a mais ou menos 1 ano e juro, ela é simplesmente perfeita, vale cada centavo. Só comprem ❤️.",Há 2 meses,2026-06-15T21:54:53Z,3,True,2,1,1,MLB,https://http2.mlstatic.com/D_NQ_NP_701700-MLA113311397371_062026-F.jpg | https://http2.mlstatic.com/D_NQ_NP_718472-MLA113311484755_062026-F.jpg,2026-09-01T14:24:03.234889+00:00
1262199778,MLB15238956,catalog,5,Maravilha ótimo investimento.,Há mais de 1 ano,2024-06-14T13:18:57Z,3,True,3,0,2,MLB,https://http2.mlstatic.com/D_NQ_NP_836668-MLA77011288433_062024-F.jpg | https://http2.mlstatic.com/D_NQ_NP_668175-MLA76804363078_062024-F.jpg | https://http2.mlstatic.com/D_NQ_NP_959585-MLA77011140651_062024-F.jpg,2026-09-01T14:24:03.234889+00:00
3020555272,MLB15238956,catalog,5,"Prancha surpreendeu demais, estava em busca de uma para trabalho. Até momento supriu todas as expectativas com os resultados de produtos.",Há 1 mês ,2026-07-16T20:29:11Z,3,True,1,1,3,MLB,https://http2.mlstatic.com/D_NQ_NP_879446-MLA113405732532_072026-F.jpg,2026-09-01T14:24:03.234889+00:00
2648715986,MLB15238956,catalog,5,"Uau! Me apaixonei por ela, seu design prático e leve me encantou, não fica atrás de nenhuma outra. Super recomendo.",Há 8 meses,2025-12-30T15:10:21Z,3,True,2,0,4,MLM,https://http2.mlstatic.com/D_NQ_NP_829398-MLA103129555515_122025-F.jpg | https://http2.mlstatic.com/D_NQ_NP_609702-MLA103128940775_122025-F.jpg,2026-09-01T14:24:03.234889+00:00
952106222,MLB15238956,catalog,5,"Eu gostei muito ,o cabo tem 3 metros estava um pouco com medo dos comentários,mais comprei e gostei muito.",Há mais de 1 ano,2024-01-21T17:07:29Z,3,True,2,0,5,MLB,https://http2.mlstatic.com/D_NQ_NP_809004-MLA74033866058_012024-F.jpg | https://http2.mlstatic.com/D_NQ_NP_915466-MLA74139729395_012024-F.jpg,2026-09-01T14:24:03.234889+00:00
570026548,MLB15238956,catalog,5,Super indico esquenta muito rápido foi a melhor compra que fiz.,Há mais de 1 ano,2023-08-03T22:27:17Z,3,True,2,0,6,MLB,https://http2.mlstatic.com/D_NQ_NP_997940-MLA70871097247_082023-F.jpg | https://http2.mlstatic.com/D_NQ_NP_649258-MLA70871097249_082023-F.jpg,2026-09-01T14:24:03.234889+00:00
1124314298,MLB15238956,catalog,5,Ótima qualidade muito leve.,Há mais de 1 ano,2024-04-13T22:08:19Z,3,True,1,0,7,MLB,https://http2.mlstatic.com/D_NQ_NP_934736-MLA75610029754_042024-F.jpg,2026-09-01T14:24:03.234889+00:00
816019466,MLB15238956,catalog,5,,Há mais de 1 ano,2023-11-26T03:01:32Z,3,False,1,0,8,MLB,https://http2.mlstatic.com/D_NQ_NP_829388-MLA73081966909_112023-F.jpg,2026-09-01T14:24:03.234889+00:00
1839527778,MLB15238956,catalog,5,"Excelente, mas do que eu esperava. Amo.",Há 1 ano,2025-02-06T19:10:16Z,3,True,0,0,9,MLU,,2026-09-01T14:24:03.234889+00:00
1264486239,MLB15238956,catalog,5,"Ela é maravilhosa ela é como eu queria alisa bem meu cabelo que é crespo, super endico.",Há mais de 1 ano,2024-06-17T12:56:22Z,3,True,0,0,10,MLB,,2026-09-01T14:24:03.234889+00:00
1255741349,MLB15238956,catalog,5,Excelente produto!!! nunca fiz uma progressiva tão rápido ( eu mesma faço em mim).,Há mais de 1 ano,2024-06-13T16:06:28Z,3,True,0,0,1,MLB,,2026-09-01T14:24:03.234889+00:00
1150848813,MLB15238956,catalog,5,Produto excelente.,Há mais de 1 ano,2024-04-27T23:04:49Z,3,True,0,0,2,MLB,,2026-09-01T14:24:03.234889+00:00
1138772348,MLB15238956,catalog,5,Muito boa. Amei.,Há mais de 1 ano,2024-04-20T16:53:56Z,3,True,0,0,3,MLB,,2026-09-01T14:24:03.234889+00:00
1096747884,MLB15238956,catalog,5,"Ainda não fiz nenhum procedimento químico com ela, mas ela esquenta muito rápido e parece ser muito boa. Bem leve e não esquenta a mão quando for pranchar.",Há mais de 1 ano,2024-04-01T01:03:25Z,3,True,0,0,4,MLB,,2026-09-01T14:24:03.234889+00:00
927667166,MLB15238956,catalog,5,"Ótimo produto, esquenta muito rápido e alisa em no máximo duas passadas no cabelo! amei e recomendo muito.",Há mais de 1 ano,2024-01-11T00:31:26Z,3,True,0,0,5,MLB,,2026-09-01T14:24:03.234889+00:00
845449972,MLB15238956,catalog,5,Maravilha amei.,Há mais de 1 ano,2023-12-07T22:45:48Z,3,True,0,0,6,MLB,,2026-09-01T14:24:03.234889+00:00
809825492,MLB15238956,catalog,5,Muito top.,Há mais de 1 ano,2023-11-23T15:24:50Z,3,True,0,0,7,MLB,,2026-09-01T14:24:03.234889+00:00
807703433,MLB15238956,catalog,5,"A prancha é maravilhosa, super atende o que ela promete o cabelo fica muito liso.",Há mais de 1 ano,2023-11-23T01:48:07Z,3,True,0,0,8,MLB,,2026-09-01T14:24:03.234889+00:00
801047163,MLB15238956,catalog,5,Tudo de bom super recomendo.,Há mais de 1 ano,2023-11-20T17:36:44Z,3,True,0,0,9,MLB,,2026-09-01T14:24:03.234889+00:00
798190885,MLB15238956,catalog,5,Ótimo produto.,Há mais de 1 ano,2023-11-19T04:10:36Z,3,True,0,0,10,MLB,,2026-09-01T14:24:03.234889+00:00
738627635,MLB15238956,catalog,5,"Maravilhosa, estou usando a quase um ano, nunca apresentou nenhum problema, o aquecimento é rapido, e gostei muito deixa o cabelo com um aspecto brilhoso, o fio é grande te deixa mais livre.",Há mais de 1 ano,2023-10-22T10:26:59Z,3,True,0,0,1,MLB,,2026-09-01T14:24:03.234889+00:00
704248780,MLB15238956,catalog,5,Perfeita. Esquenta muito rápido. Qualidade ótima.,Há mais de 1 ano,2023-10-04T22:41:50Z,3,True,0,0,2,MLB,,2026-09-01T14:24:03.234889+00:00
2974826384,MLB15238956,catalog,5,"Testada e aprovada, amei a chapinha, muito boa, um designer muito maravilhoso, esquenta muito bem, amei muito!.",Há 2 meses,2026-06-19T17:33:33Z,2,True,6,1,3,MLB,https://http2.mlstatic.com/D_NQ_NP_727899-MLA113520817603_062026-F.jpg | https://http2.mlstatic.com/D_NQ_NP_763537-MLA113521170119_062026-F.jpg | https://http2.mlstatic.com/D_NQ_NP_723924-MLA112363471924_062026-F.jpg | https://http2.mlstatic.com/D_NQ_NP_872517-MLA113521170097_062026-F.jpg | https://http2.mlstatic.com/D_NQ_NP_688706-MLA113521082179_062026-F.jpg | https://http2.mlstatic.com/D_NQ_NP_850314-MLA112363412280_062026-F.jpg,2026-09-01T14:24:03.234889+00:00
2870538062,MLB15238956,catalog,5,"Amei. Excelente compra.
Perfeita, cabo giratória e grande.
Muito potente. Ja usei e deu um perfeito resultado.",Há 4 meses,2026-04-25T15:20:32Z,2,True,7,0,4,MLB,https://http2.mlstatic.com/D_NQ_NP_645980-MLA109984747942_042026-F.jpg | https://http2.mlstatic.com/D_NQ_NP_870481-MLA110891427121_042026-F.jpg | https://http2.mlstatic.com/D_NQ_NP_881828-MLA109984661792_042026-F.jpg | https://http2.mlstatic.com/D_NQ_NP_990691-MLA110891132045_042026-F.jpg | https://http2.mlstatic.com/D_NQ_NP_903164-MLA109984747946_042026-F.jpg | https://http2.mlstatic.com/D_NQ_NP_973029-MLA110891043493_042026-F.jpg | https://http2.mlstatic.com/D_NQ_NP_817807-MLA109984747944_042026-F.jpg,2026-09-01T14:24:03.234889+00:00
2188236987,MLB15238956,catalog,5,,Há 1 ano,2025-07-18T02:13:35Z,2,False,7,0,5,MLB,https://http2.mlstatic.com/D_NQ_NP_716795-MLA88134108671_072025-F.jpg | https://http2.mlstatic.com/D_NQ_NP_749621-MLA88133712385_072025-F.jpg | https://http2.mlstatic.com/D_NQ_NP_664986-MLA88133583555_072025-F.jpg | https://http2.mlstatic.com/D_NQ_NP_688378-MLA88133643241_072025-F.jpg | https://http2.mlstatic.com/D_NQ_NP_872044-MLA87798656128_072025-F.jpg | https://http2.mlstatic.com/D_NQ_NP_802281-MLA87798656122_072025-F.jpg | https://http2.mlstatic.com/D_NQ_NP_726479-MLA87798597304_072025-F.jpg,2026-09-01T14:24:03.234889+00:00
794838347,MLB15238956,catalog,5,Minha esposa adorou essa chapinha.,Há mais de 1 ano,2023-11-17T15:52:47Z,2,True,7,0,6,MCO,https://http2.mlstatic.com/D_NQ_NP_748807-MLA72862217052_112023-F.jpg | https://http2.mlstatic.com/D_NQ_NP_801762-MLA72939430169_112023-F.jpg | https://http2.mlstatic.com/D_NQ_NP_837119-MLA72862217060_112023-F.jpg | https://http2.mlstatic.com/D_NQ_NP_780987-MLA72939430167_112023-F.jpg | https://http2.mlstatic.com/D_NQ_NP_900254-MLA72862227054_112023-F.jpg | https://http2.mlstatic.com/D_NQ_NP_765718-MLA72862227050_112023-F.jpg | https://http2.mlstatic.com/D_NQ_NP_650334-MLA72862276120_112023-F.jpg,2026-09-01T14:24:03.234889+00:00
3010695796,MLB15238956,catalog,5,"Excelente produto chegou dentro do prazo já testei e realmente é perfeito esquenta rápido, amei a compra. Sem falar que é linda a chapinha com detalhes dourado 😍😍.",Há 1 mês ,2026-07-11T12:15:18Z,2,True,4,1,7,MLB,https://http2.mlstatic.com/D_NQ_NP_768380-MLA114415410195_072026-F.jpg | https://http2.mlstatic.com/D_NQ_NP_973017-MLA114415322965_072026-F.jpg | https://http2.mlstatic.com/D_NQ_NP_888231-MLA114415555833_072026-F.jpg | https://http2.mlstatic.com/D_NQ_NP_640043-MLA113182192674_072026-F.jpg,2026-09-01T14:24:03.234889+00:00
1280272544,MLB15238956,catalog,5,"Amei a chapinha de ótima qualidade, alisa mto, esquenta mto tbm. Super amei 🙌🏾🥰.",Há mais de 1 ano,2024-06-21T17:11:39Z,2,True,5,0,8,MLB,https://http2.mlstatic.com/D_NQ_NP_650811-MLA77167706289_062024-F.jpg | https://http2.mlstatic.com/D_NQ_NP_759577-MLA77167627637_062024-F.jpg | https://http2.mlstatic.com/D_NQ_NP_776527-MLA77167706315_062024-F.jpg | https://http2.mlstatic.com/D_NQ_NP_954321-MLA77167706311_062024-F.jpg | https://http2.mlstatic.com/D_NQ_NP_981755-MLA76957661992_062024-F.jpg,2026-09-01T14:24:03.234889+00:00
2615123760,MLB15238956,catalog,5,"Amei a chapinha, ela é muito quente e esquenta super rápido, ideal pra fazer progressiva, as imagens do cabelo é só p é pranchados não é alisado com progressiva, ela é bem grande tbem, pega bastante cabelo.",Há 8 meses,2025-12-16T20:19:34Z,2,True,4,0,9,MLB,https://http2.mlstatic.com/D_NQ_NP_826853-MLA101086999714_122025-F.jpg | https://http2.mlstatic.com/D_NQ_NP_770862-MLA101086960214_122025-F.jpg | https://http2.mlstatic.com/D_NQ_NP_962257-MLA101585690877_122025-F.jpg | https://http2.mlstatic.com/D_NQ_NP_705350-MLA101086714068_122025-F.jpg,2026-09-01T14:24:03.234889+00:00
1404683942,MLB15238956,catalog,4,"Achei o produto excelente, mas decepcionada como veio embalada. Sem proteção ou isolamento algum, podendo facilmente ser danificada com o transporte. No mais, o produto é perfeito.",Há mais de 1 ano,2024-08-12T15:27:03Z,2,True,4,0,10,MLB,https://http2.mlstatic.com/D_NQ_NP_682147-MLA78127101928_082024-F.jpg | https://http2.mlstatic.com/D_NQ_NP_931862-MLA78127248478_082024-F.jpg | https://http2.mlstatic.com/D_NQ_NP_917209-MLA78127101934_082024-F.jpg | https://http2.mlstatic.com/D_NQ_NP_649673-MLA78354979753_082024-F.jpg,2026-09-01T14:24:03.234889+00:00
3059782275,MLB15238956,catalog,5,"A chapinha chegou e é maravilhosa realmente esquenta muito rápido fiquei entre ela e a outra que é o modelo turbo mas eu analisei o seguinte essa tem possibilidade de abaixar o nível que daria pro dia a dia e quando eu quero fazer um botox ou uma progressiva eu uso ela mais quente pois até mesmo mais que 480° o cabelo pode cozinhar então ela é perfeita além de ser , eu só não testei se realmente ela desliga sozinha se ficar muito tempo parado mas ela é maravilhosa, fora o preço que eu paguei estava super em conta peguei uma promoção.",Há 2 semanas,2026-08-13T16:03:13Z,2,True,2,1,1,MLB,https://http2.mlstatic.com/D_NQ_NP_787430-MLA114751769994_082026-F.jpg | https://http2.mlstatic.com/D_NQ_NP_867128-MLA114752300588_082026-F.jpg,2026-09-01T14:24:03.234889+00:00
2993492241,MLB15238956,catalog,5,"Maravilhosa,bem melhor do que eu imaginei ,super leve e fácil de trabalhar e o resultado incrível que deixou nos cabelos.",Há 1 mês ,2026-07-07T19:56:08Z,2,True,2,1,2,MLB,https://http2.mlstatic.com/D_NQ_NP_645956-MLA114256867631_072026-F.jpg | https://http2.mlstatic.com/D_NQ_NP_790661-MLA113036592080_072026-F.jpg,2026-09-01T14:24:03.234889+00:00
2999116178,MLB15238956,catalog,5,Produto ótima qualidade bem embalado superou minhas expectativas.,Há 1 mês ,2026-07-04T18:50:34Z,2,True,2,1,3,MLB,https://http2.mlstatic.com/D_NQ_NP_765013-MLA112948855480_072026-F.jpg | https://http2.mlstatic.com/D_NQ_NP_895260-MLA112948799158_072026-F.jpg,2026-09-01T14:24:03.234889+00:00
2969697477,MLB15238956,catalog,5,"Gostei do produto, aquece muito rápido. Mas espera que o cabelo deslizasse mais quando em contato com as placas, o que não acontece! no geral é boa!.",Há 2 meses,2026-06-22T22:37:22Z,2,True,2,1,4,MLB,https://http2.mlstatic.com/D_NQ_NP_670897-MLA112467671246_062026-F.jpg | https://http2.mlstatic.com/D_NQ_NP_801042-MLA113633525377_062026-F.jpg,2026-09-01T14:24:03.234889+00:00
2969065386,MLB15238956,catalog,5,"Eu amei. Ela é super linda, leve e de fácil manuseio. Testei e aprovei. Melhor compra da vida.",Há 2 meses,2026-06-16T18:21:08Z,2,True,2,1,5,MLB,https://http2.mlstatic.com/D_NQ_NP_842502-MLA112213131360_062026-F.jpg | https://http2.mlstatic.com/D_NQ_NP_640923-MLA112213220886_062026-F.jpg,2026-09-01T14:24:03.234889+00:00
2911972638,MLB15238956,catalog,5,Gostei bastante.,Há 3 meses,2026-05-17T04:34:45Z,2,True,2,1,6,MLB,https://http2.mlstatic.com/D_NQ_NP_888038-MLA111805531403_052026-F.jpg | https://http2.mlstatic.com/D_NQ_NP_786207-MLA111805330823_052026-F.jpg,2026-09-01T14:24:03.234889+00:00
1149019608,MLB15238956,catalog,5,"Ele é bem leve, esquenta muito bem.",Há mais de 1 ano,2024-04-25T12:08:05Z,2,True,3,0,7,MLB,https://http2.mlstatic.com/D_NQ_NP_709416-MLA75829150810_042024-F.jpg | https://http2.mlstatic.com/D_NQ_NP_675540-MLA76001137123_042024-F.jpg | https://http2.mlstatic.com/D_NQ_NP_977945-MLA75829278604_042024-F.jpg,2026-09-01T14:24:03.234889+00:00
2996208906,MLB15238956,catalog,5,"Linda chegou rápido,comprei dia 01/07 chegou dia 02/07 é 😍linda original.",Há 1 mês ,2026-07-02T21:57:34Z,2,True,1,1,8,MLB,https://http2.mlstatic.com/D_NQ_NP_922473-MLA112863584696_072026-F.jpg,2026-09-01T14:24:03.234889+00:00
2983001335,MLB15238956,catalog,5,Pode comprar dei de presente pra minha esposa porque ela só falava na prancha mq480 as outras não presta ficou louca.,Há 2 meses,2026-07-01T11:50:15Z,2,True,1,1,9,MLB,https://http2.mlstatic.com/D_NQ_NP_869928-MLA113997486459_072026-F.jpg,2026-09-01T14:24:03.234889+00:00
2982405259,MLB15238956,catalog,5,"Se você se dedica a fazer alisamentos, recomendo cem por cento  
Entrega rápida  
Boa durabilidade  
Ergonomia prática para sua mão",Há 2 meses,2026-06-30T22:43:52Z,2,True,1,1,10,MLM,https://http2.mlstatic.com/D_NQ_NP_809621-MLA112776937504_062026-F.jpg,2026-09-01T14:24:03.234889+00:00
1864972583,MLB15238956,catalog,4,"A chapa é muito boa, esquenta muito rápido, diminui a quantidade de passadas pois é bem quente. Mas a minha a rodelinha não fica , quando coloca logo ela cai , e acabou sumindo o parafuso q tinha do lado q a rodelinha sai. Mas no geral a chapa é muito boa.",Há 1 ano,2025-02-19T18:48:15Z,2,True,2,0,1,MLB,https://http2.mlstatic.com/D_NQ_NP_631894-MLA82299975230_022025-F.jpg | https://http2.mlstatic.com/D_NQ_NP_979386-MLA82299975228_022025-F.jpg,2026-09-01T14:24:03.234889+00:00
1529441624,MLB15238956,catalog,5,"To simplesmente apaixonada nela,alemdo design ser muito lindo ela é maravilhosa aquece em minutos e tida o resultado que vc precisa,super indico ela.",Há 1 ano,2024-10-06T09:48:41Z,2,True,2,0,2,MLB,https://http2.mlstatic.com/D_NQ_NP_680442-MLA79780619389_102024-F.jpg | https://http2.mlstatic.com/D_NQ_NP_756911-MLA79780511631_102024-F.jpg,2026-09-01T14:24:03.234889+00:00
1321128147,MLB15238956,catalog,5,Excelente,Há mais de 1 ano,2024-07-10T14:34:07Z,2,True,2,0,3,MLC,https://http2.mlstatic.com/D_NQ_NP_832085-MLA77378565824_072024-F.jpg | https://http2.mlstatic.com/D_NQ_NP_797677-MLA77378349768_072024-F.jpg,2026-09-01T14:24:03.234889+00:00
2869456337,MLB15238956,catalog,5,"100% recomendável!!! Estava na dúvida se comprava esta ou a Babyliss e, na verdade, ela ganha de longe! A MELHOR prancha, sem dúvida, um dado muito importante é que o cabo é super longo e aquece muito rápido, não hesitem em comprá-la, além de vir com a capinha🥰",Há 4 meses,2026-04-30T04:11:12Z,2,True,1,0,4,MLA,https://http2.mlstatic.com/D_NQ_NP_710326-MLA111059525957_042026-F.jpg,2026-09-01T14:24:03.234889+00:00
2338885820,MLB15238956,catalog,5,"Maravilhosaaaaa.
Fiz um pequeno teste pois estou no trabalho. E foi sensacional.
Mto feliz com minha compra. Recomendo a todos do ml.",Há 11 meses,2025-09-12T14:26:00Z,2,True,1,0,5,MLB,https://http2.mlstatic.com/D_NQ_NP_731059-MLA91906756294_092025-F.jpg,2026-09-01T14:24:03.234889+00:00
2194653425,MLB15238956,catalog,5,Eu tenho uma da lizze extreme faz 7 meses ela parou de esquenta sinceramente fiquei surpresa por ela quebra com tão pouco tempo de uso. Comprei essa mq pro porém não testei mais achei ela muito linda só não testei no cabelo.,Há 1 ano,2025-07-20T21:34:28Z,2,True,1,0,6,MLB,https://http2.mlstatic.com/D_NQ_NP_774512-MLA87968371474_072025-F.jpg,2026-09-01T14:24:03.234889+00:00
604317831,MLB15238956,catalog,5,Amei minha chapinha super recomendo. ❤️🥰.,Há mais de 1 ano,2023-08-17T20:43:25Z,2,True,1,0,7,MLB,https://http2.mlstatic.com/D_NQ_NP_844739-MLA71111347700_082023-F.jpg,2026-09-01T14:24:03.234889+00:00
2907759217,MLB15238956,catalog,5,Produto top.,Há 3 meses,2026-05-20T10:16:44Z,2,True,0,0,8,MLB,,2026-09-01T14:24:03.234889+00:00
2711668477,MLB15238956,catalog,5,Essa já é a segunda vez que compro essa prancha de cabelo!!! adoro usá-la para fazer procedimentos químicos no cabelo!!! alisa muito bem nas progressivas!!! super indico.,Há 7 meses,2026-02-01T16:45:30Z,2,True,0,0,9,MLB,,2026-09-01T14:24:03.234889+00:00
2353869005,MLB15238956,catalog,5,"Comprei pra minha esposa e ela gostou muito, chama até de ferrari kkkk.",Há 11 meses,2025-09-21T00:35:26Z,2,True,0,0,10,MLB,,2026-09-01T14:24:03.234889+00:00
1691644598,MLB15238956,catalog,5,"Muito ótimo, minha esposa ficou super satisfeita.",Há 1 ano,2024-12-10T20:16:03Z,2,True,0,0,1,MLC,,2026-09-01T14:24:03.234889+00:00
1323227453,MLB15238956,catalog,5,Chapinha muito boa e original.,Há mais de 1 ano,2024-07-11T02:32:02Z,2,True,0,0,2,MLB,,2026-09-01T14:24:03.234889+00:00
1139371190,MLB15238956,catalog,5,Excelente. Aquece bastante e alisa rápido.,Há mais de 1 ano,2024-04-20T22:20:57Z,2,True,0,0,3,MLB,,2026-09-01T14:24:03.234889+00:00
1083907604,MLB15238956,catalog,5,Recomendo produto cumpre o que promete.,Há mais de 1 ano,2024-03-25T11:59:26Z,2,True,0,0,4,MLB,,2026-09-01T14:24:03.234889+00:00
998404570,MLB15238956,catalog,5,"Ótimo, compraria novamente.",Há mais de 1 ano,2024-02-12T14:33:53Z,2,True,0,0,5,MLB,,2026-09-01T14:24:03.234889+00:00
720593296,MLB15238956,catalog,5,Ótima.,Há mais de 1 ano,2023-10-13T15:16:03Z,2,True,0,0,6,MLB,,2026-09-01T14:24:03.234889+00:00
393737672,MLB15238956,catalog,5,Eu amei a minha chapinha. Esquenta muito rápido e adianta bastante o trabalho. Estou muito dariafwita com minha compra.,Há mais de 1 ano,2023-05-23T17:50:15Z,2,True,0,0,7,MLB,,2026-09-01T14:24:03.234889+00:00
57535409,MLB15238956,catalog,5,Ótima muito boa amei inaugurei com uma progressiva liso perfeito.,Há mais de 1 ano,2020-03-09T16:13:19Z,2,True,0,0,8,MLB,,2026-09-01T14:24:03.234889+00:00
2917980377,MLB15238956,catalog,5,Ótima.,Há 3 meses,2026-05-26T01:57:40Z,1,True,7,1,9,MLB,https://http2.mlstatic.com/D_NQ_NP_864417-MLA112220627749_052026-F.jpg | https://http2.mlstatic.com/D_NQ_NP_945876-MLA112220894009_052026-F.jpg | https://http2.mlstatic.com/D_NQ_NP_602084-MLA111206211458_052026-F.jpg | https://http2.mlstatic.com/D_NQ_NP_897581-MLA111205629858_052026-F.jpg | https://http2.mlstatic.com/D_NQ_NP_927901-MLA111205513172_052026-F.jpg | https://http2.mlstatic.com/D_NQ_NP_982622-MLA112220363503_052026-F.jpg | https://http2.mlstatic.com/D_NQ_NP_666772-MLA112220363517_052026-F.jpg,2026-09-01T14:24:03.234889+00:00
2576561361,MLB15238956,catalog,5,,Há 8 meses,2025-12-06T18:46:18Z,1,False,6,0,10,MLB,https://http2.mlstatic.com/D_NQ_NP_693990-MLA100103128420_122025-F.jpg | https://http2.mlstatic.com/D_NQ_NP_705081-MLA100103276190_122025-F.jpg | https://http2.mlstatic.com/D_NQ_NP_870141-MLA100102893500_122025-F.jpg | https://http2.mlstatic.com/D_NQ_NP_924351-MLA100103236604_122025-F.jpg | https://http2.mlstatic.com/D_NQ_NP_738452-MLA100103138270_122025-F.jpg | https://http2.mlstatic.com/D_NQ_NP_988745-MLA100102833940_122025-F.jpg,2026-09-01T14:24:03.234889+00:00
2563756153,MLB15238956,catalog,5,Maravilhoso agora é só mão nos cabelos.,Há 8 meses,2025-12-02T18:45:49Z,1,True,6,0,1,MLB,https://http2.mlstatic.com/D_NQ_NP_828696-MLA99704187098_122025-F.jpg | https://http2.mlstatic.com/D_NQ_NP_696338-MLA99704177544_122025-F.jpg | https://http2.mlstatic.com/D_NQ_NP_679897-MLA99704256408_122025-F.jpg | https://http2.mlstatic.com/D_NQ_NP_742203-MLA99703873370_122025-F.jpg | https://http2.mlstatic.com/D_NQ_NP_867059-MLA99703942574_122025-F.jpg | https://http2.mlstatic.com/D_NQ_NP_878498-MLA99703981564_122025-F.jpg,2026-09-01T14:24:03.234889+00:00
2556862957,MLB15238956,catalog,5,,Há 9 meses,2025-11-30T03:39:08Z,1,False,6,0,2,MLB,https://http2.mlstatic.com/D_NQ_NP_735400-MLA99945611581_112025-F.jpg | https://http2.mlstatic.com/D_NQ_NP_859693-MLA99461758106_112025-F.jpg | https://http2.mlstatic.com/D_NQ_NP_706094-MLA99945403731_112025-F.jpg | https://http2.mlstatic.com/D_NQ_NP_622589-MLA99945611585_112025-F.jpg | https://http2.mlstatic.com/D_NQ_NP_721762-MLA99461552488_112025-F.jpg | https://http2.mlstatic.com/D_NQ_NP_701157-MLA99461750350_112025-F.jpg,2026-09-01T14:24:03.234889+00:00
2409701861,MLB15238956,catalog,5,,Há 10 meses,2025-10-11T11:20:46Z,1,False,6,0,3,MLB,https://http2.mlstatic.com/D_NQ_NP_934716-MLA94333990790_102025-F.jpg | https://http2.mlstatic.com/D_NQ_NP_778879-MLA94334069662_102025-F.jpg | https://http2.mlstatic.com/D_NQ_NP_904712-MLA94333990818_102025-F.jpg | https://http2.mlstatic.com/D_NQ_NP_738950-MLA94763561589_102025-F.jpg | https://http2.mlstatic.com/D_NQ_NP_892872-MLA94334268040_102025-F.jpg | https://http2.mlstatic.com/D_NQ_NP_764956-MLA94334268060_102025-F.jpg,2026-09-01T14:24:03.234889+00:00
2216445472,MLB15238956,catalog,5,,Há 1 ano,2025-07-26T17:33:47Z,1,False,6,0,4,MLB,https://http2.mlstatic.com/D_NQ_NP_786470-MLA88361291774_072025-F.jpg | https://http2.mlstatic.com/D_NQ_NP_740117-MLA88706644095_072025-F.jpg | https://http2.mlstatic.com/D_NQ_NP_736074-MLA88706924823_072025-F.jpg | https://http2.mlstatic.com/D_NQ_NP_882657-MLA88361291776_072025-F.jpg | https://http2.mlstatic.com/D_NQ_NP_651003-MLA88361466592_072025-F.jpg | https://http2.mlstatic.com/D_NQ_NP_902398-MLA88706691949_072025-F.jpg,2026-09-01T14:24:03.234889+00:00
1362391426,MLB15238956,catalog,5,"Ela é linda, prática e esquenta super rápida mil de mil🫶🏻.",Há mais de 1 ano,2024-07-24T22:22:09Z,1,True,6,0,5,MLB,https://http2.mlstatic.com/D_NQ_NP_675008-MLA77931082903_072024-F.jpg | https://http2.mlstatic.com/D_NQ_NP_686615-MLA77931894887_072024-F.jpg | https://http2.mlstatic.com/D_NQ_NP_736392-MLA77711787908_072024-F.jpg | https://http2.mlstatic.com/D_NQ_NP_947042-MLA77711412758_072024-F.jpg | https://http2.mlstatic.com/D_NQ_NP_692384-MLA77711787906_072024-F.jpg | https://http2.mlstatic.com/D_NQ_NP_630201-MLA77711551292_072024-F.jpg,2026-09-01T14:24:03.234889+00:00
2820880554,MLB15238956,catalog,5,"Chegou no prazo, ela está esquentando bem ,só achei que viria dentro de uma caixa fechada pois meus vizinhos não precisaria saber o que estou comprando no demais está tudo ok ,muito obrigada.",Há 5 meses,2026-03-27T22:03:53Z,1,True,5,0,6,MLB,https://http2.mlstatic.com/D_NQ_NP_877058-MLA109640305883_032026-F.jpg | https://http2.mlstatic.com/D_NQ_NP_808946-MLA109639067163_032026-F.jpg | https://http2.mlstatic.com/D_NQ_NP_712132-MLA109639865605_032026-F.jpg | https://http2.mlstatic.com/D_NQ_NP_685044-MLA109639746991_032026-F.jpg | https://http2.mlstatic.com/D_NQ_NP_869543-MLA109639865607_032026-F.jpg,2026-09-01T14:24:03.234889+00:00
2561248027,MLB15238956,catalog,4,,Há 9 meses,2025-12-01T19:06:24Z,1,False,5,0,7,MLB,https://http2.mlstatic.com/D_NQ_NP_928186-MLA100077403871_122025-F.jpg | https://http2.mlstatic.com/D_NQ_NP_632043-MLA100077453549_122025-F.jpg | https://http2.mlstatic.com/D_NQ_NP_609592-MLA100077453547_122025-F.jpg | https://http2.mlstatic.com/D_NQ_NP_716698-MLA100077904805_122025-F.jpg | https://http2.mlstatic.com/D_NQ_NP_873229-MLA100077904811_122025-F.jpg,2026-09-01T14:24:03.234889+00:00
1985244403,MLB15238956,catalog,5,Perfeito.,Há 1 ano,2025-04-13T18:00:34Z,1,True,5,0,8,MLB,https://http2.mlstatic.com/D_NQ_NP_955780-MLA83450869978_042025-F.jpg | https://http2.mlstatic.com/D_NQ_NP_923515-MLA83743276717_042025-F.jpg | https://http2.mlstatic.com/D_NQ_NP_794433-MLA83743305597_042025-F.jpg | https://http2.mlstatic.com/D_NQ_NP_614050-MLA83450869980_042025-F.jpg | https://http2.mlstatic.com/D_NQ_NP_727811-MLA83743276715_042025-F.jpg,2026-09-01T14:24:03.234889+00:00
1899175248,MLB15238956,catalog,5,,Há 1 ano,2025-03-05T16:23:46Z,1,False,5,0,9,MLB,https://http2.mlstatic.com/D_NQ_NP_704094-MLA82603473936_032025-F.jpg | https://http2.mlstatic.com/D_NQ_NP_997623-MLA82603640402_032025-F.jpg | https://http2.mlstatic.com/D_NQ_NP_688956-MLA82603640406_032025-F.jpg | https://http2.mlstatic.com/D_NQ_NP_753074-MLA82603640400_032025-F.jpg | https://http2.mlstatic.com/D_NQ_NP_947758-MLA82603640398_032025-F.jpg,2026-09-01T14:24:03.234889+00:00
1658779148,MLB15238956,catalog,5,"Gente eu amei essa prancha , pesquisei bastante para poder comprar , ela esquenta em segundos n usei ainda mais adorei juro , só liguei na tomada e esquenta muito bem.",Há 1 ano,2024-11-28T23:24:41Z,1,True,5,0,10,MLB,https://http2.mlstatic.com/D_NQ_NP_970900-MLA81032660933_112024-F.jpg | https://http2.mlstatic.com/D_NQ_NP_734962-MLA81032660931_112024-F.jpg | https://http2.mlstatic.com/D_NQ_NP_715698-MLA81032766675_112024-F.jpg | https://http2.mlstatic.com/D_NQ_NP_669718-MLA80767541428_112024-F.jpg | https://http2.mlstatic.com/D_NQ_NP_708485-MLA81032766677_112024-F.jpg,2026-09-01T14:24:03.234889+00:00
1367967167,MLB15238956,catalog,5,"Nossa amei demais, liguei ela esquenta super rápido, vou testar ela ainda mais parecer que vai dar resultado.",Há mais de 1 ano,2024-07-29T14:47:22Z,1,True,5,0,1,MLB,https://http2.mlstatic.com/D_NQ_NP_643193-MLA77812557990_072024-F.jpg | https://http2.mlstatic.com/D_NQ_NP_832740-MLA77812214422_072024-F.jpg | https://http2.mlstatic.com/D_NQ_NP_671722-MLA77812625858_072024-F.jpg | https://http2.mlstatic.com/D_NQ_NP_761842-MLA77812214414_072024-F.jpg | https://http2.mlstatic.com/D_NQ_NP_776136-MLA77812214410_072024-F.jpg,2026-09-01T14:24:03.234889+00:00
1244963904,MLB15238956,catalog,5,,Há mais de 1 ano,2024-06-07T17:05:24Z,1,False,5,0,2,MLB,https://http2.mlstatic.com/D_NQ_NP_771499-MLA76884988123_062024-F.jpg | https://http2.mlstatic.com/D_NQ_NP_622772-MLA76885036285_062024-F.jpg | https://http2.mlstatic.com/D_NQ_NP_618742-MLA76681573994_062024-F.jpg | https://http2.mlstatic.com/D_NQ_NP_693529-MLA76885036281_062024-F.jpg | https://http2.mlstatic.com/D_NQ_NP_874347-MLA76681573996_062024-F.jpg,2026-09-01T14:24:03.234889+00:00
1196160441,MLB15238956,catalog,5,"Top, lindo, prático, esquenta rápido, se tiver uma promoção corre pra ele, atendeu as expectativas.
Pelo material do equipamento, e se não vai apertar no bolso, compre! e não precisa ter medo.
Mas não é algo revolucionário que se tornar quase indispensável.
- comentário da minha esposa, compradora do produto.",Há mais de 1 ano,2024-05-19T13:31:53Z,1,True,5,0,3,MLB,https://http2.mlstatic.com/D_NQ_NP_906870-MLA76282386038_052024-F.jpg | https://http2.mlstatic.com/D_NQ_NP_914960-MLA76282386040_052024-F.jpg | https://http2.mlstatic.com/D_NQ_NP_881813-MLA76282366368_052024-F.jpg | https://http2.mlstatic.com/D_NQ_NP_703721-MLA76282386036_052024-F.jpg | https://http2.mlstatic.com/D_NQ_NP_855692-MLA76472497889_052024-F.jpg,2026-09-01T14:24:03.234889+00:00
3097430074,MLB15238956,catalog,5,"A chapinha é linda e esquenta muito rápido. No início, eu não sabia muito bem como regular a temperatura, mas assisti a um tutorial rápido no instagram e aprendi a mexer. O formato anatômico dela é ótimo, pois evita que a gente sinta dor nos dedos após muito tempo de uso. Só recomendo que tome cuidado para não encostar nas placas, pois queimam muito rápido (encostei o dedo por menos de 1s e ficou uma marca até hoje).",Há 5 dias,2026-08-27T14:50:56Z,1,True,3,1,4,MLB,https://http2.mlstatic.com/D_NQ_NP_688437-MLA115398379046_082026-F.jpg | https://http2.mlstatic.com/D_NQ_NP_785239-MLA115397884930_082026-F.jpg | https://http2.mlstatic.com/D_NQ_NP_830308-MLA115398121304_082026-F.jpg,2026-09-01T14:24:03.234889+00:00
3023914559,MLB15238956,catalog,5,,Há 1 mês ,2026-07-24T17:36:43Z,1,False,3,1,5,MLB,https://http2.mlstatic.com/D_NQ_NP_892021-MLA115082103591_072026-F.jpg | https://http2.mlstatic.com/D_NQ_NP_790208-MLA115081071793_072026-F.jpg | https://http2.mlstatic.com/D_NQ_NP_675932-MLA115082338723_072026-F.jpg,2026-09-01T14:24:03.234889+00:00
2879058528,MLB15238956,catalog,5,"Maravilhosa! esquenta como diz, fio longo que facilita manusear , controle de temperatura. Fiz meu botox com ela , ainda não lavei os cabelos mas já dei pra perceber que é top. Comprem sem medo, chegou super rápido.",Há 4 meses,2026-04-30T01:31:03Z,1,True,4,0,6,MLB,https://http2.mlstatic.com/D_NQ_NP_855254-MLA111051529997_042026-F.jpg | https://http2.mlstatic.com/D_NQ_NP_823883-MLA111051413193_042026-F.jpg | https://http2.mlstatic.com/D_NQ_NP_748343-MLA111051855371_042026-F.jpg | https://http2.mlstatic.com/D_NQ_NP_671806-MLA111051529999_042026-F.jpg,2026-09-01T14:24:03.234889+00:00
2812932461,MLB15238956,catalog,5,"Chapinha maravilhosa, linda, qualidade absurda!.
Comprem sem medo de ser feliz, vale cada real investido….",Há 5 meses,2026-03-28T20:47:39Z,1,True,4,0,7,MLB,https://http2.mlstatic.com/D_NQ_NP_680620-MLA108866435192_032026-F.jpg | https://http2.mlstatic.com/D_NQ_NP_893811-MLA108866666354_032026-F.jpg | https://http2.mlstatic.com/D_NQ_NP_735925-MLA108867167198_032026-F.jpg | https://http2.mlstatic.com/D_NQ_NP_963493-MLA108866931080_032026-F.jpg,2026-09-01T14:24:03.234889+00:00
2710286853,MLB15238956,catalog,5,,Há 7 meses,2026-01-31T18:02:21Z,1,False,4,0,8,MLB,https://http2.mlstatic.com/D_NQ_NP_983706-MLA106319095433_012026-F.jpg | https://http2.mlstatic.com/D_NQ_NP_908872-MLA106319010629_012026-F.jpg | https://http2.mlstatic.com/D_NQ_NP_653108-MLA106319125313_012026-F.jpg | https://http2.mlstatic.com/D_NQ_NP_862021-MLA106319125323_012026-F.jpg,2026-09-01T14:24:03.234889+00:00
2704127436,MLB15238956,catalog,5,"Eu estava muito ansiosa pela chegada, ainda não usei mais vi muitos pontos positivos sobre ela.",Há 7 meses,2026-01-24T12:12:43Z,1,True,4,0,9,MLB,https://http2.mlstatic.com/D_NQ_NP_934467-MLA105162939924_012026-F.jpg | https://http2.mlstatic.com/D_NQ_NP_779434-MLA105745112473_012026-F.jpg | https://http2.mlstatic.com/D_NQ_NP_756688-MLA105744201359_012026-F.jpg | https://http2.mlstatic.com/D_NQ_NP_777343-MLA105745406317_012026-F.jpg,2026-09-01T14:24:03.234889+00:00
2561762712,MLB15238956,catalog,5,"Simplesmente apaixonada, resultados excelentes.",Há 9 meses,2025-11-29T10:03:48Z,1,True,4,0,10,MLB,https://http2.mlstatic.com/D_NQ_NP_707669-MLA99894992807_112025-F.jpg | https://http2.mlstatic.com/D_NQ_NP_703987-MLA99895250353_112025-F.jpg | https://http2.mlstatic.com/D_NQ_NP_635868-MLA99411233460_112025-F.jpg | https://http2.mlstatic.com/D_NQ_NP_808260-MLA99895200465_112025-F.jpg,2026-09-01T14:24:03.234889+00:00
2371213067,MLB15238956,catalog,5,"Chapinha super rápida, não precisa muitas passadas pra alisar o cabelo. Ela aquece super rápido. Já testei e amei. Ainda não usei ela pra selagem, mas vou usar. Realmente entendi o porquê ela é conhecida como a ""ferrari das chapinhas"", incrível.",Há 11 meses,2025-09-28T14:28:27Z,1,True,4,0,1,MLB,https://http2.mlstatic.com/D_NQ_NP_805443-MLA93636456505_092025-F.jpg | https://http2.mlstatic.com/D_NQ_NP_806544-MLA93636506203_092025-F.jpg | https://http2.mlstatic.com/D_NQ_NP_960495-MLA93636466545_092025-F.jpg | https://http2.mlstatic.com/D_NQ_NP_879032-MLA93636545827_092025-F.jpg,2026-09-01T14:24:03.234889+00:00
2368610757,MLB15238956,catalog,5,"Comprei para minha mulher, ela fez o teste e gostou, passou apenas a chapinha 2 vezes por mecha e esse foi o resultado! até o momento ela está amando.
Veio mal embalada, só com a caixa dela, não colocaram nada para proteger!!!.",Há 11 meses,2025-09-27T00:24:13Z,1,True,4,0,2,MLB,https://http2.mlstatic.com/D_NQ_NP_726478-MLA93082243758_092025-F.jpg | https://http2.mlstatic.com/D_NQ_NP_816638-MLA93498405449_092025-F.jpg | https://http2.mlstatic.com/D_NQ_NP_621834-MLA93498336611_092025-F.jpg | https://http2.mlstatic.com/D_NQ_NP_613170-MLA93498395759_092025-F.jpg,2026-09-01T14:24:03.234889+00:00
2323665714,MLB15238956,catalog,5,,Há 11 meses,2025-09-06T13:31:42Z,1,False,4,0,3,MLB,https://http2.mlstatic.com/D_NQ_NP_732663-MLA92691530827_092025-F.jpg | https://http2.mlstatic.com/D_NQ_NP_932994-MLA92691530823_092025-F.jpg | https://http2.mlstatic.com/D_NQ_NP_873292-MLA93018092663_092025-F.jpg | https://http2.mlstatic.com/D_NQ_NP_786233-MLA93018565883_092025-F.jpg,2026-09-01T14:24:03.234889+00:00
2111523625,MLB15238956,catalog,4,Mt boa.,Há 1 ano,2025-06-17T23:13:23Z,1,True,4,0,4,MLB,https://http2.mlstatic.com/D_NQ_NP_739488-MLA86290719367_062025-F.jpg | https://http2.mlstatic.com/D_NQ_NP_646139-MLA85976446856_062025-F.jpg | https://http2.mlstatic.com/D_NQ_NP_994590-MLA86290815147_062025-F.jpg | https://http2.mlstatic.com/D_NQ_NP_749433-MLA86290709603_062025-F.jpg,2026-09-01T14:24:03.234889+00:00
1379409654,MLB15238956,catalog,5,Eu adorei essa chapinha maravilhosa.,Há mais de 1 ano,2024-08-01T10:01:33Z,1,True,4,0,5,MLB,https://http2.mlstatic.com/D_NQ_NP_844645-MLA78139001999_082024-F.jpg | https://http2.mlstatic.com/D_NQ_NP_881905-MLA78138962287_082024-F.jpg | https://http2.mlstatic.com/D_NQ_NP_652026-MLA77916267150_082024-F.jpg | https://http2.mlstatic.com/D_NQ_NP_938440-MLA77916267148_082024-F.jpg,2026-09-01T14:24:03.234889+00:00
3032525011,MLB15238956,catalog,5,"Aquece super rápido, ainda não testei em procedimento, mas as primeiras impressões demonstram ser de muita qualidade. Detalhe que gostei é que não aquece a ponta do polegar e indicador.",Há 1 mês ,2026-07-29T20:48:07Z,1,True,2,1,6,MLB,https://http2.mlstatic.com/D_NQ_NP_723798-MLA115304901555_072026-F.jpg | https://http2.mlstatic.com/D_NQ_NP_734338-MLA113989702766_072026-F.jpg,2026-09-01T14:24:03.234889+00:00
3027759835,MLB15238956,catalog,5,Top.,Há 1 mês ,2026-07-27T12:43:40Z,1,True,2,1,7,MLB,https://http2.mlstatic.com/D_NQ_NP_707092-MLA113887271060_072026-F.jpg | https://http2.mlstatic.com/D_NQ_NP_913618-MLA113887271072_072026-F.jpg,2026-09-01T14:24:03.234889+00:00
3017815197,MLB15238956,catalog,4,"Produto de otima qualidade muito bom,ele esquenta super rápido,alisa bem o cabelo e o cabo é bem grande o que facilita em muito ,porém não gostei que não vem nenhuma embalagem na caixa pra proteger, vem direto na caixa sem nenhum selo de segurança então qualquer um poderia abrir mas tirando isso gostei bastante.",Há 1 mês ,2026-07-21T16:11:27Z,1,True,2,1,8,MLB,https://http2.mlstatic.com/D_NQ_NP_796505-MLA113627968516_072026-F.jpg | https://http2.mlstatic.com/D_NQ_NP_638057-MLA113627910630_072026-F.jpg,2026-09-01T14:24:03.234889+00:00
3016037111,MLB15238956,catalog,5,"Esquenta muito! bem leve, chapinha de qualidade!.",Há 1 mês ,2026-07-20T17:34:49Z,1,True,2,1,9,MLB,https://http2.mlstatic.com/D_NQ_NP_973896-MLA113579358400_072026-F.jpg | https://http2.mlstatic.com/D_NQ_NP_739810-MLA113578509942_072026-F.jpg,2026-09-01T14:24:03.234889+00:00
3011674389,MLB15238956,catalog,5,"Íamos comprar outra marca, mas optamos por essa e ver como seria, amamos o resultado. Chegou antes do prazo, bem embalado e o designer é lindo. Parabéns, espero que a durabilidade também faça juz.",Há 1 mês ,2026-07-17T18:33:25Z,1,True,2,1,10,MLB,https://http2.mlstatic.com/D_NQ_NP_814442-MLA114715434529_072026-F.jpg | https://http2.mlstatic.com/D_NQ_NP_649857-MLA113454421074_072026-F.jpg,2026-09-01T14:24:03.234889+00:00
2998882139,MLB15238956,catalog,5,Excelente linda e atende minhas expectativas.,Há 1 mês ,2026-07-10T16:30:38Z,1,True,2,1,1,MLB,https://http2.mlstatic.com/D_NQ_NP_710290-MLA114374999405_072026-F.jpg | https://http2.mlstatic.com/D_NQ_NP_836299-MLA113144410186_072026-F.jpg,2026-09-01T14:24:03.234889+00:00
2975722468,MLB15238956,catalog,5,Bom produto,Há 2 meses,2026-06-20T02:57:38Z,1,True,2,1,2,MCO,https://http2.mlstatic.com/D_NQ_NP_869971-MLA112379422978_062026-F.jpg | https://http2.mlstatic.com/D_NQ_NP_823214-MLA112379686860_062026-F.jpg,2026-09-01T14:24:03.234889+00:00
2926660064,MLB15238956,catalog,5,Melhor compra perfeita pra fazer progressiva ❤️.,Há 3 meses,2026-05-25T13:29:53Z,1,True,2,1,3,MLB,https://http2.mlstatic.com/D_NQ_NP_607661-MLA111184155268_052026-F.jpg | https://http2.mlstatic.com/D_NQ_NP_736799-MLA112194601397_052026-F.jpg,2026-09-01T14:24:03.234889+00:00
2914212711,MLB15238956,catalog,5,Ótima e nao agarra nossos fios! estou amando!.,Há 3 meses,2026-05-23T19:10:27Z,1,True,2,1,4,MLB,https://http2.mlstatic.com/D_NQ_NP_774117-MLA111123107580_052026-F.jpg | https://http2.mlstatic.com/D_NQ_NP_753955-MLA112115838511_052026-F.jpg,2026-09-01T14:24:03.234889+00:00
2810325258,MLB15238956,catalog,5,Essa prancha é maravilhosa … a cada 4 anos compro outra … sou cabeleireira … e amo pra fazer progressiva… material bom… esquenta muito !!!.,Há 5 meses,2026-03-21T19:50:23Z,1,True,3,0,5,MLB,https://http2.mlstatic.com/D_NQ_NP_825022-MLA109169987573_032026-F.jpg | https://http2.mlstatic.com/D_NQ_NP_895872-MLA108375494484_032026-F.jpg | https://http2.mlstatic.com/D_NQ_NP_659523-MLA108375494482_032026-F.jpg,2026-09-01T14:24:03.234889+00:00
2791822677,MLB15238956,catalog,5,"É muito boa, esquenta rápido e é super leve, além de vir com sua case para guardar, adorei, o modelo é super bonito. Recomendo!!",Há 5 meses,2026-03-16T19:09:32Z,1,True,3,0,6,MLA,https://http2.mlstatic.com/D_NQ_NP_927863-MLA108813041429_032026-F.jpg | https://http2.mlstatic.com/D_NQ_NP_671040-MLA108813220639_032026-F.jpg | https://http2.mlstatic.com/D_NQ_NP_674734-MLA108041700242_032026-F.jpg,2026-09-01T14:24:03.234889+00:00
2548300295,MLB15238956,catalog,5,"A prancha é incrível corresponde ao anúncio. Ela é muito quente,prática e deixa o cabelo incrível. Quem tem cabelo grosso vai amar. Agora se vc tiver cabelo fino, cuidado com a temperatura.",Há 9 meses,2025-11-27T10:53:48Z,1,True,3,0,7,MLB,https://http2.mlstatic.com/D_NQ_NP_636299-MLA99227707936_112025-F.jpg | https://http2.mlstatic.com/D_NQ_NP_891217-MLA99227072310_112025-F.jpg | https://http2.mlstatic.com/D_NQ_NP_912713-MLA99227072314_112025-F.jpg,2026-09-01T14:24:03.234889+00:00
2467363387,MLB15238956,catalog,5,,Há 9 meses,2025-11-02T17:56:39Z,1,False,3,0,8,MLB,https://http2.mlstatic.com/D_NQ_NP_924976-MLA97017526755_112025-F.jpg | https://http2.mlstatic.com/D_NQ_NP_942246-MLA97017585325_112025-F.jpg | https://http2.mlstatic.com/D_NQ_NP_670152-MLA97017507073_112025-F.jpg,2026-09-01T14:24:03.234889+00:00
2453201144,MLB15238956,catalog,5,"Exelente qualidade e design lindoooo! tentei colocar um vídeo aqui mas não consegui, porém pelas fotos creio eu q ja dar pra perceber o quão exclusiva ela é, simplesmente amei.",Há 10 meses,2025-10-24T23:48:00Z,1,True,3,0,9,MLB,https://http2.mlstatic.com/D_NQ_NP_665058-MLA95741142564_102025-F.jpg | https://http2.mlstatic.com/D_NQ_NP_783848-MLA95741215880_102025-F.jpg | https://http2.mlstatic.com/D_NQ_NP_637342-MLA95741196768_102025-F.jpg,2026-09-01T14:24:03.234889+00:00
2271911303,MLB15238956,catalog,5,A chapinha é muito boa esquenta bastante e por ser profissional é bom ter cuidado para não ter corte térmico.,Há 1 ano,2025-08-19T11:20:46Z,1,True,3,0,10,MLB,https://http2.mlstatic.com/D_NQ_NP_647358-MLA90413268617_082025-F.jpg | https://http2.mlstatic.com/D_NQ_NP_795227-MLA90032920748_082025-F.jpg | https://http2.mlstatic.com/D_NQ_NP_798913-MLA90032900786_082025-F.jpg,2026-09-01T14:24:03.234889+00:00
1924655946,MLB15238956,catalog,5,Maravilhosa 😍.,Há 1 ano,2025-03-16T13:24:33Z,1,True,3,0,1,MLB,https://http2.mlstatic.com/D_NQ_NP_789124-MLA82821992298_032025-F.jpg | https://http2.mlstatic.com/D_NQ_NP_762928-MLA82821992302_032025-F.jpg | https://http2.mlstatic.com/D_NQ_NP_997218-MLA82821992300_032025-F.jpg,2026-09-01T14:24:03.234889+00:00
1674271784,MLB15238956,catalog,5,Amei a compra. Estou muito satisfeita!.,Há 1 ano,2024-12-04T18:21:57Z,1,True,3,0,2,MLB,https://http2.mlstatic.com/D_NQ_NP_671925-MLA81162454749_122024-F.jpg | https://http2.mlstatic.com/D_NQ_NP_951456-MLA81162405373_122024-F.jpg | https://http2.mlstatic.com/D_NQ_NP_965100-MLA81162405375_122024-F.jpg,2026-09-01T14:24:03.234889+00:00
1552378959,MLB15238956,catalog,5,"Produto de ótima qualidade, linha profissional, leve, a parte de fora não aquece, chega a temperatura de 450, muito rápido, ótima para fazer progressiva.",Há 1 ano,2024-10-17T18:36:00Z,1,True,3,0,3,MLB,https://http2.mlstatic.com/D_NQ_NP_858378-MLA79794072410_102024-F.jpg | https://http2.mlstatic.com/D_NQ_NP_671724-MLA79794111012_102024-F.jpg | https://http2.mlstatic.com/D_NQ_NP_990447-MLA79794072404_102024-F.jpg,2026-09-01T14:24:03.234889+00:00
1545448761,MLB15238956,catalog,5,A chapinha e excelente vamos ver a durabilidade dela.,Há 1 ano,2024-10-15T01:20:26Z,1,True,3,0,4,MLB,https://http2.mlstatic.com/D_NQ_NP_771352-MLA79969522629_102024-F.jpg | https://http2.mlstatic.com/D_NQ_NP_701538-MLA79969522627_102024-F.jpg | https://http2.mlstatic.com/D_NQ_NP_960898-MLA79719344600_102024-F.jpg,2026-09-01T14:24:03.234889+00:00
1453747900,MLB15238956,catalog,4,,Há 1 ano,2024-09-02T20:08:30Z,1,False,3,0,5,MLM,https://http2.mlstatic.com/D_NQ_NP_784307-MLA78898067673_092024-F.jpg | https://http2.mlstatic.com/D_NQ_NP_801047-MLA78897891519_092024-F.jpg | https://http2.mlstatic.com/D_NQ_NP_919423-MLA78898067667_092024-F.jpg,2026-09-01T14:24:03.234889+00:00
1337615326,MLB15238956,catalog,5,"Além de linda, esquenta muito rápido e deixa o cabelo espelhado.",Há mais de 1 ano,2024-07-15T16:33:28Z,1,True,3,0,6,MLB,https://http2.mlstatic.com/D_NQ_NP_811541-MLA77498428298_072024-F.jpg | https://http2.mlstatic.com/D_NQ_NP_961952-MLA77498467978_072024-F.jpg | https://http2.mlstatic.com/D_NQ_NP_657945-MLA77715796579_072024-F.jpg,2026-09-01T14:24:03.234889+00:00
1332306361,MLB15238956,catalog,5,"Maravilhoso, minha esposa ficou muito feliz!.",Há mais de 1 ano,2024-07-15T00:41:46Z,1,True,3,0,7,MLB,https://http2.mlstatic.com/D_NQ_NP_608436-MLA77693624981_072024-F.jpg | https://http2.mlstatic.com/D_NQ_NP_992766-MLA77476213498_072024-F.jpg | https://http2.mlstatic.com/D_NQ_NP_923518-MLA77693624979_072024-F.jpg,2026-09-01T14:24:03.234889+00:00
1224828178,MLB15238956,catalog,5,"É cara: sim, mas vale cada centavo.
Esquenta: muito rápido 30 segundos.
Movimento: perfeita é muito leve.",Há mais de 1 ano,2024-05-29T20:57:19Z,1,True,3,0,8,MLB,https://http2.mlstatic.com/D_NQ_NP_633286-MLA76715796695_052024-F.jpg | https://http2.mlstatic.com/D_NQ_NP_670254-MLA76715796693_052024-F.jpg | https://http2.mlstatic.com/D_NQ_NP_602541-MLA76517548768_052024-F.jpg,2026-09-01T14:24:03.234889+00:00
1088768112,MLB15238956,catalog,5,"A chapinha e ótima esquenta muito eu amei ,vamos ver se vai durar.",Há mais de 1 ano,2024-03-27T15:46:59Z,1,True,3,0,9,MLB,https://http2.mlstatic.com/D_NQ_NP_686285-MLA75279766522_032024-F.jpg | https://http2.mlstatic.com/D_NQ_NP_849123-MLA75279815712_032024-F.jpg | https://http2.mlstatic.com/D_NQ_NP_843530-MLA75279746566_032024-F.jpg,2026-09-01T14:24:03.234889+00:00
3064674828,MLB15238956,catalog,5,"Excelente produto, qualidade muito boa.",Há 3 semanas,2026-08-11T00:37:41Z,1,True,1,1,10,MLB,https://http2.mlstatic.com/D_NQ_NP_711969-MLA115908250971_082026-F.jpg,2026-09-01T14:24:03.234889+00:00
3036246234,MLB15238956,catalog,5,"Sensacional essa chapinha!!!! esquenta rápido, não agarra, perfeita!!!.",Há 1 mês ,2026-07-25T19:26:24Z,1,True,1,1,1,MLB,https://http2.mlstatic.com/D_NQ_NP_713960-MLA113837024020_072026-F.jpg,2026-09-01T14:24:03.234889+00:00
3020379948,MLB15238956,catalog,5,"Excelente chapinha, aliso e faço cachos.
Faço progressivas com ela.",Há 1 mês ,2026-07-16T19:02:18Z,1,True,1,1,2,MLB,https://http2.mlstatic.com/D_NQ_NP_625261-MLA114658750561_072026-F.jpg,2026-09-01T14:24:03.234889+00:00
3000943105,MLB15238956,catalog,5,"Eu amei, produto cumpre o que promete, esquenta bastante.",Há 1 mês ,2026-07-11T20:49:41Z,1,True,1,1,3,MLB,https://http2.mlstatic.com/D_NQ_NP_765712-MLA114427314607_072026-F.jpg,2026-09-01T14:24:03.234889+00:00
2991086611,MLB15238956,catalog,5,"A prancha é profissional, mas ajustando a temperatura da para usar no dia a dia. Para usar na temperatura máxima de 450⁰ é ideal saber manusear ela nesta temperatura. Mas a temperatura pode ser ajustada até no mínimo de 190⁰. Então é bem versátil. Bem fácil de usar.",Há 1 mês ,2026-07-06T15:16:55Z,1,True,1,1,4,MLB,https://http2.mlstatic.com/D_NQ_NP_719301-MLA114209693915_072026-F.jpg,2026-09-01T14:24:03.234889+00:00
2964555733,MLB15238956,catalog,5,"Aquece bastante, de bom material",Há 2 meses,2026-06-19T18:19:48Z,1,True,1,1,5,MCO,https://http2.mlstatic.com/D_NQ_NP_999431-MLA112364530068_062026-F.jpg,2026-09-01T14:24:03.234889+00:00
2960326813,MLB15238956,catalog,5,"Aparentemente é um produto feito pra durar e pelas referências profissionais, parece ser melhor que as demais concorrentes.",Há 2 meses,2026-06-17T15:26:23Z,1,True,2,0,6,MLB,https://http2.mlstatic.com/D_NQ_NP_973230-MLA113405376015_062026-F.jpg | https://http2.mlstatic.com/D_NQ_NP_943929-MLA112256093030_062026-F.jpg,2026-09-01T14:24:03.234889+00:00
2956509279,MLB15238956,catalog,5,"Não tenho do que reclamar, entrega rápida e produto ótimo.",Há 2 meses,2026-06-15T14:56:23Z,1,True,1,1,7,MLB,https://http2.mlstatic.com/D_NQ_NP_817192-MLA112154912196_062026-F.jpg,2026-09-01T14:24:03.234889+00:00
2934554243,MLB15238956,catalog,5,"Excelente chapinha, alisa o cabelo super bem, não queima a baixa temperatura.",Há 2 meses,2026-06-03T02:36:45Z,1,True,1,1,8,MLM,https://http2.mlstatic.com/D_NQ_NP_616156-MLA112654223733_062026-F.jpg,2026-09-01T14:24:03.234889+00:00
2889783804,MLB15238956,catalog,5,"É a segunda que tenho, a anterior eu dei de presente e não troco… excelente também para queratinas.",Há 3 meses,2026-05-05T23:07:22Z,1,True,2,0,9,MLM,https://http2.mlstatic.com/D_NQ_NP_661359-MLA111240232485_052026-F.jpg | https://http2.mlstatic.com/D_NQ_NP_738965-MLA111240814219_052026-F.jpg,2026-09-01T14:24:03.234889+00:00
2865799225,MLB15238956,catalog,5,"A prancha é muito linda, mais veio com um pequeno defeito, espero da próxima vez ter mais sorte!.",Há 4 meses,2026-04-28T13:55:24Z,1,True,2,0,10,MLB,https://http2.mlstatic.com/D_NQ_NP_860202-MLA110989414019_042026-F.jpg | https://http2.mlstatic.com/D_NQ_NP_837075-MLA110988681979_042026-F.jpg,2026-09-01T14:24:03.234889+00:00
2405056396,MLB15238956,catalog,5,Ótimo produto amei 😍.,Há 10 meses,2025-10-08T01:11:41Z,1,True,2,0,1,MLB,https://http2.mlstatic.com/D_NQ_NP_837494-MLA93956153526_102025-F.jpg | https://http2.mlstatic.com/D_NQ_NP_919905-MLA94382815779_102025-F.jpg,2026-09-01T14:24:03.234889+00:00
2357518626,MLB15238956,catalog,5,Essa prancha é simplesmente perfeita! comprem sem medo!!!.,Há 11 meses,2025-09-19T22:49:24Z,1,True,2,0,2,MLB,https://http2.mlstatic.com/D_NQ_NP_841083-MLA92487368552_092025-F.jpg | https://http2.mlstatic.com/D_NQ_NP_941109-MLA92487320634_092025-F.jpg,2026-09-01T14:24:03.234889+00:00
1445004443,MLB15238956,catalog,5,Esquenta muito já pido e bastante. Tem que cuidar se tem cabelo muito fino não dar tantas passagens.,Há mais de 1 ano,2024-08-31T13:52:00Z,1,True,2,0,3,MLB,https://http2.mlstatic.com/D_NQ_NP_923700-MLA78609613334_082024-F.jpg | https://http2.mlstatic.com/D_NQ_NP_634850-MLA78609965926_082024-F.jpg,2026-09-01T14:24:03.234889+00:00
1425871909,MLB15238956,catalog,5,,Há mais de 1 ano,2024-08-22T19:09:44Z,1,False,2,0,4,MLB,https://http2.mlstatic.com/D_NQ_NP_692091-MLA78394136544_082024-F.jpg | https://http2.mlstatic.com/D_NQ_NP_610796-MLA78393979052_082024-F.jpg,2026-09-01T14:24:03.234889+00:00
1254278796,MLB15238956,catalog,5,"Aí eu amei demas ,eu sempre quis ter uma dessa e o preço foi maravilhoso ,a prancha é maravilhosa e o design dela é top 😻😻😻😻😻😻😻😻😻😻😻😻😻😻😻😻.",Há mais de 1 ano,2024-06-11T16:48:17Z,1,True,2,0,5,MLB,https://http2.mlstatic.com/D_NQ_NP_738477-MLA76943738077_062024-F.jpg | https://http2.mlstatic.com/D_NQ_NP_851751-MLA76943601899_062024-F.jpg,2026-09-01T14:24:03.234889+00:00
826217366,MLB15238956,catalog,5,"Tenho o produto a quase 1 ano, super correspondeu as minhas expectativas, nota 10!.",Há mais de 1 ano,2023-11-30T02:33:10Z,1,True,2,0,6,MLB,https://http2.mlstatic.com/D_NQ_NP_875515-MLA73159335849_112023-F.jpg | https://http2.mlstatic.com/D_NQ_NP_633946-MLA73076084280_112023-F.jpg,2026-09-01T14:24:03.234889+00:00
2863856149,MLB15238956,catalog,5,"Gente chapinha maravilhosa da para usar tanto em progressiva tanto diariamente é só abaixar a temperatura, muitas pessoas falando que ela parou de funcionar e gente já estou com ela a 3 meses e funcionando perfeitamente! comprem sem medo!.",Há 4 meses,2026-04-27T14:12:19Z,1,True,1,0,7,MLB,https://http2.mlstatic.com/D_NQ_NP_767660-MLA110947376285_042026-F.jpg,2026-09-01T14:24:03.234889+00:00
2827227171,MLB15238956,catalog,5,Estupenda,Há 4 meses,2026-04-07T01:34:16Z,1,True,1,0,8,MLU,https://http2.mlstatic.com/D_NQ_NP_934035-MLA110090602427_042026-F.jpg,2026-09-01T14:24:03.234889+00:00
2812502643,MLB15238956,catalog,5,"É muito leve, o que é perfeito para o meu trabalho, já que me dedico a fazer alisamentos progressivos. Dou 10/10 para este produto.",Há 5 meses,2026-03-28T16:09:27Z,1,True,1,0,9,MLM,https://http2.mlstatic.com/D_NQ_NP_672392-MLA109683029569_032026-F.jpg,2026-09-01T14:24:03.234889+00:00
2784205044,MLB15238956,catalog,5,Simplesmente maravilhosa estava com intensão de comprar pesquisei muito e foi a melhor escolha tava na dúvida entre ela e a lizze extreme e na comparação a mq ganhou tenho um secador a 9 anos muito bom agora tenho a tão sonhada chapinha muito satisfeita com minha compra🫶🏻.,Há 5 meses,2026-03-07T22:48:46Z,1,True,1,0,10,MLB,https://http2.mlstatic.com/D_NQ_NP_878391-MLA107575812054_032026-F.jpg,2026-09-01T14:24:03.234889+00:00
2638951374,MLB15238956,catalog,5,"Perfeito , já estava querendo comprar esta marca a um tempo por ser bem elogiada. E realmente é tudo o que falam e muito mais. Compram sem medo e perfeita. Agrada bem e é ótima para quem quer fazer progressiva.",Há 8 meses,2025-12-26T16:44:09Z,1,True,1,0,1,MLB,https://http2.mlstatic.com/D_NQ_NP_685068-MLA102667089711_122025-F.jpg,2026-09-01T14:24:03.234889+00:00
2566806363,MLB15238956,catalog,5,Maravilhosa comprei pra trabalhar e estou apaixonada na minha chapinha sobre a durabilidade não posso falar porque nunca usei essa marca mais pesquisei bastante antes de comprar.,Há 8 meses,2025-12-03T19:18:47Z,1,True,1,0,2,MLB,https://http2.mlstatic.com/D_NQ_NP_768737-MLA99774425420_122025-F.jpg,2026-09-01T14:24:03.234889+00:00
2449781767,MLB15238956,catalog,5,"Perfeita, não mastiga o cabelo e deixa um liso profissional.",Há 10 meses,2025-10-26T16:35:41Z,1,True,1,0,3,MLB,https://http2.mlstatic.com/D_NQ_NP_809335-MLA95867261440_102025-F.jpg,2026-09-01T14:24:03.234889+00:00
2418026694,MLB15238956,catalog,5,Maravilhosa amei.,Há 10 meses,2025-10-12T00:46:48Z,1,True,1,0,4,MLB,https://http2.mlstatic.com/D_NQ_NP_665056-MLA94806104657_102025-F.jpg,2026-09-01T14:24:03.234889+00:00
2409343197,MLB15238956,catalog,5,Esquenta muito.,Há 10 meses,2025-10-11T03:01:17Z,1,True,1,0,5,MLB,https://http2.mlstatic.com/D_NQ_NP_670789-MLA94710887483_102025-F.jpg,2026-09-01T14:24:03.234889+00:00
2085087605,MLB15238956,catalog,5,Comprei pra minha esposa presente de dia das mães. Ela amou falou que esquente muito bem e cumpri o que promete ela ficou bem feliz com o presente.,Há 1 ano,2025-06-04T19:07:07Z,1,True,1,0,6,MLB,https://http2.mlstatic.com/D_NQ_NP_705480-MLA85352758108_062025-F.jpg,2026-09-01T14:24:03.234889+00:00
2039423326,MLB15238956,catalog,5,Ameiii. Maravilhosa 😍. Só fiquei meia cismada pq não veio embalada como de costume do mercado livre. Veio só na caixa dela mesmo. Mais já testei tá tudo certinho 🫶🙌♥.,Há 1 ano,2025-05-09T17:25:53Z,1,True,1,0,7,MLB,https://http2.mlstatic.com/D_NQ_NP_737413-MLA84218225154_052025-F.jpg,2026-09-01T14:24:03.234889+00:00
1984866886,MLB15238956,catalog,5,Maravilha economiza muito tempo.,Há 1 ano,2025-04-10T21:47:02Z,1,True,1,0,8,MLB,https://http2.mlstatic.com/D_NQ_NP_743100-MLA83681609363_042025-F.jpg,2026-09-01T14:24:03.234889+00:00
1931362751,MLB15238956,catalog,5,"Ela era tudo oque eu procurava, aquece super rápido é potente, alisa muito rápido, amei, super indico.",Há 1 ano,2025-03-20T19:41:47Z,1,True,1,0,9,MLB,https://http2.mlstatic.com/D_NQ_NP_810430-MLA82919030062_032025-F.jpg,2026-09-01T14:24:03.234889+00:00
1620383949,MLB15238956,catalog,5,"Perfeita. Super recomendo, só comprem.",Há 1 ano,2024-11-15T21:21:25Z,1,True,1,0,10,MLB,https://http2.mlstatic.com/D_NQ_NP_779513-MLA80459652102_112024-F.jpg,2026-09-01T14:24:03.234889+00:00
1607559064,MLB15238956,catalog,5,"Acabou de chegar a prancha e ela parece ótima, não pesa nada e é muito fácil de manusear. Esquenta super rápido.",Há 1 ano,2024-11-08T20:43:28Z,1,True,1,0,1,MCO,https://http2.mlstatic.com/D_NQ_NP_945266-MLA80282165134_112024-F.jpg,2026-09-01T14:24:03.234889+00:00
2981975195,MLB15238956,catalog,5,A melhor prancha que já usei para alisamento !.,Há 2 meses,2026-06-30T18:34:46Z,1,True,0,0,2,MLB,,2026-09-01T14:24:03.234889+00:00
2942663901,MLB15238956,catalog,5,"Amei!!!.
Maravilhosa,.
Recomendo.",Há 2 meses,2026-06-07T14:27:57Z,1,True,0,0,3,MLB,,2026-09-01T14:24:03.234889+00:00
2952760056,MLB15238956,catalog,5,Perfeita.,Há 2 meses,2026-06-07T12:21:02Z,1,True,0,0,4,MLB,,2026-09-01T14:24:03.234889+00:00
2905864491,MLB15238956,catalog,5,Produto de ótima qualidade.,Há 3 meses,2026-05-19T13:24:10Z,1,True,0,0,5,MLB,,2026-09-01T14:24:03.234889+00:00
2799535016,MLB15238956,catalog,5,"Adoro, sou alisadora profissional e essa prancha é excelente para trabalhar!",Há 5 meses,2026-03-15T22:21:43Z,1,True,0,0,6,MLA,,2026-09-01T14:24:03.234889+00:00
2755877529,MLB15238956,catalog,5,Excelente a prancha. Já fiz um alisamento. Ficou lindo. E em menos tempo.,Há 6 meses,2026-02-25T16:37:55Z,1,True,0,0,7,MLA,,2026-09-01T14:24:03.234889+00:00
2738261271,MLB15238956,catalog,5,"Amo aninha prancha, comprei a um ano ou mais!!! funciona bem até hoje!! uso para retocar minha própria progressiva em casa!!!.
E sim e profissional muito quente e somente para retocar química pois pela temperatura alta pode ter risco de corte térmico.",Há 6 meses,2026-02-16T12:43:46Z,1,True,0,0,8,MLB,,2026-09-01T14:24:03.234889+00:00
2699663155,MLB15238956,catalog,5,A melhor que eu já conheci 👏🏿👏🏿👏🏿. Pode comprar sem medo! essa alisa até pelo de cavalo 🐎 👏🏿👏🏿👏🏿.,Há 7 meses,2026-01-26T15:37:05Z,1,True,0,0,9,MLB,,2026-09-01T14:24:03.234889+00:00
2677196460,MLB15238956,catalog,5,"Produto muito bom, produto comprado para uso da minha mãe, ela quebrava o braço para alisar com a chapinha antiga dela, agora com essa nova menos passado economizando o braço dela, o produto é original já passou alguns meses está tudo ok.",Há 7 meses,2026-01-12T18:12:06Z,1,True,0,0,10,MLB,,2026-09-01T14:24:03.234889+00:00
2660667177,MLB15238956,catalog,5,Segunda vez que eu compro a melhor chapinha que já usei.,Há 7 meses,2026-01-08T17:39:14Z,1,True,0,0,1,MLB,,2026-09-01T14:24:03.234889+00:00
2652789630,MLB15238956,catalog,5,"Excelente prancha  
Especial para cabelo afro  
Liso perfeito  
A recomendo",Há 7 meses,2026-01-02T01:21:50Z,1,True,0,0,2,MLU,,2026-09-01T14:24:03.234889+00:00
2622164217,MLB15238956,catalog,5,Super espetacular 🥰,Há 8 meses,2025-12-21T22:14:54Z,1,True,0,0,3,MLU,,2026-09-01T14:24:03.234889+00:00
2580664927,MLB15238956,catalog,5,Me parece muito boa. Usei poucas vezes. Acredito que vai superar minhas expectativas.,Há 8 meses,2025-12-08T11:52:39Z,1,True,0,0,4,MLB,,2026-09-01T14:24:03.234889+00:00
2355008209,MLB15238956,catalog,5,"Amei a chapinha, muito boa aquece rápido e muito prática.",Há 11 meses,2025-09-21T17:49:50Z,1,True,0,0,5,MLB,,2026-09-01T14:24:03.234889+00:00
2142974993,MLB15238956,catalog,5,Maravilhosa! muito profissional!.,Há 1 ano,2025-07-01T20:41:06Z,1,True,0,0,6,MLB,,2026-09-01T14:24:03.234889+00:00
2088099408,MLB15238956,catalog,5,Excelente para fazer progressiva. Alisa mesmo.,Há 1 ano,2025-06-03T17:50:03Z,1,True,0,0,7,MLB,,2026-09-01T14:24:03.234889+00:00
2056678902,MLB15238956,catalog,5,Ainda não testei.,Há 1 ano,2025-05-18T11:05:32Z,1,True,0,0,8,MLB,,2026-09-01T14:24:03.234889+00:00
1945393422,MLB15238956,catalog,5,"Excelente produto!.
A progressiva fica perfeita.
No dia a dia deixa o cabelo com mto brilho, os fios não agarram.
Super leve, boa para manuseio.
Estou mto satisfeita com minha compra.",Há 1 ano,2025-03-24T18:30:32Z,1,True,0,0,9,MLB,,2026-09-01T14:24:03.234889+00:00
1934702657,MLB15238956,catalog,5,Perfeita! melhor compra q fiz !!!.,Há 1 ano,2025-03-22T01:24:41Z,1,True,0,0,10,MLB,,2026-09-01T14:24:03.234889+00:00
1934396141,MLB15238956,catalog,5,É cara. Mas vale cada centavo. Ficou lindo meu cabelo.,Há 1 ano,2025-03-21T23:01:05Z,1,True,0,0,1,MLB,,2026-09-01T14:24:03.234889+00:00
1938899102,MLB15238956,catalog,5,"Maravilhoso! um investimento alto, mas vale a pena, não prende no cabelo.",Há 1 ano,2025-03-21T19:32:59Z,1,True,0,0,2,MLB,,2026-09-01T14:24:03.234889+00:00
1936617612,MLB15238956,catalog,5,"Muito boa chapinha ,se eu soube que era tão boa não teria comprado outra marca.
Mais ainda vem que comprei.",Há 1 ano,2025-03-20T21:26:38Z,1,True,0,0,3,MLB,,2026-09-01T14:24:03.234889+00:00
1935735554,MLB15238956,catalog,5,Prancha muito boa. Aquece super rápido. E é mais rápida na utilização.,Há 1 ano,2025-03-20T15:59:47Z,1,True,0,0,4,MLB,,2026-09-01T14:24:03.234889+00:00
1933599644,MLB15238956,catalog,5,Por enquanto apaixonado.,Há 1 ano,2025-03-19T19:56:56Z,1,True,0,0,5,MLB,,2026-09-01T14:24:03.234889+00:00
1905887344,MLB15238956,catalog,5,"Amei. Esquenta muito rápido. Comprei pra uso próprio mesmo. O cabelo fica perfeito. Antes de comprar pesquisei muito, as marcas e modelos, e essa tem boas rexomwndações, tenho de outras marcas, mas está é sensacional. Amando.",Há 1 ano,2025-03-08T15:17:41Z,1,True,0,0,6,MLB,,2026-09-01T14:24:03.234889+00:00
1903204608,MLB15238956,catalog,5,"Adorei, estou super feliz com essa chapinha.",Há 1 ano,2025-03-07T06:30:36Z,1,True,0,0,7,MCO,,2026-09-01T14:24:03.234889+00:00
1753829108,MLB15238956,catalog,5,"Perfeita para progressiva, alisa muito.",Há 1 ano,2025-01-02T17:39:57Z,1,True,0,0,8,MLB,,2026-09-01T14:24:03.234889+00:00
1499266285,MLB15238956,catalog,5,Maravilhosa super recomendo 🤩.,Há 1 ano,2024-09-24T17:24:16Z,1,True,0,0,9,MLB,,2026-09-01T14:24:03.234889+00:00
1450874484,MLB15238956,catalog,5,"Excelente! a única coisa a melhorar é o local dos botões, até eu me adaptar desliguei a prancha durante o uso. Agora que acostumei, estou amandoooo!!!.",Há mais de 1 ano,2024-09-01T10:31:09Z,1,True,0,0,10,MLB,,2026-09-01T14:24:03.234889+00:00
1400690431,MLB15238956,catalog,5,Ótimo produto.,Há mais de 1 ano,2024-08-12T16:51:47Z,1,True,0,0,1,MLB,,2026-09-01T14:24:03.234889+00:00
1380209687,MLB15238956,catalog,5,"A melhor do mercado atual! facilita e agiliza muito o processo. Melhor ainda pra quem alisa em casa como eu, é a melhor custo benefício!.",Há mais de 1 ano,2024-08-03T15:49:38Z,1,True,0,0,2,MLB,,2026-09-01T14:24:03.234889+00:00
1233755657,MLB15238956,catalog,5,Excelente chapinha. Esquenta rápido e deixa o cabelo brilhante e sedoso com uma única passada.,Há mais de 1 ano,2024-06-04T20:50:57Z,1,True,0,0,3,MLC,,2026-09-01T14:24:03.234889+00:00
914554947,MLB15238956,catalog,5,"Amei a compra,compraria novamente.",Há mais de 1 ano,2024-01-06T10:56:45Z,1,True,0,0,4,MLB,,2026-09-01T14:24:03.234889+00:00
894667766,MLB15238956,catalog,5,Muito bom.,Há mais de 1 ano,2023-12-27T22:16:33Z,1,True,0,0,5,MLB,,2026-09-01T14:24:03.234889+00:00
778065669,MLB15238956,catalog,5,"A prancha é maravilhosa, esquenta muito rápido até as temperaturas mais baixas e ela esquenta muito, é tanto que eu nem uso ela na temperatura 480f porque é muito quente e alguns cabelos não aguenta. Pra progressiva eu uso no máximo 460f.",Há mais de 1 ano,2023-11-09T23:27:47Z,1,True,0,0,6,MLB,,2026-09-01T14:24:03.234889+00:00
653386140,MLB15238956,catalog,5,Eu achei o meu produto. Ótimo.,Há mais de 1 ano,2023-09-09T09:10:30Z,1,True,0,0,7,MLB,,2026-09-01T14:24:03.234889+00:00
633293950,MLB15238956,catalog,5,Show podem comprar sem medo!.,Há mais de 1 ano,2023-08-30T16:21:28Z,1,True,0,0,8,MLB,,2026-09-01T14:24:03.234889+00:00
606078046,MLB15238956,catalog,4,O produto e excelente gostei eu recomendo perfeito.,Há mais de 1 ano,2023-08-18T10:15:23Z,1,True,0,0,9,MLB,,2026-09-01T14:24:03.234889+00:00
374953583,MLB15238956,catalog,5,Eu amei este produto comprei para minha filha e ela achou o maximo ele faz tudo a respeito de cabelos é isso ai.,Há mais de 1 ano,2023-05-10T14:36:48Z,1,True,0,0,10,MLB,,2026-09-01T14:24:03.234889+00:00
324641222,MLB15238956,catalog,5,Muito boa.,Há mais de 1 ano,2023-02-02T16:35:59Z,1,True,0,0,1,MLB,,2026-09-01T14:24:03.234889+00:00
121893977,MLB15238956,catalog,5,"Gente,pensa numa ferramenta maravilhosa quem é profissional da beleza, é uma verdadeira ferrari,diminui muito o tempo dos procedimentos adequados para ela,vale muito apena,#muitíssimo satisfeita.",Há mais de 1 ano,2021-10-07T13:01:59Z,1,True,0,0,2,MLB,,2026-09-01T14:24:03.234889+00:00
116813336,MLB15238956,catalog,5,"Maravilhoso! super indico, os 230graus celsios dela, parece ser mais quente do que as outras. Sem falar os níveis de temperatura e o cabo bem maior. Ótima aquisição.",Há mais de 1 ano,2021-08-19T12:36:53Z,1,True,0,0,3,MLB,,2026-09-01T14:24:03.234889+00:00
59947426,MLB15238956,catalog,5,"Ótimo produto recomendo, pode comprar sem medo minha esposa adorou.",Há mais de 1 ano,2020-04-19T02:23:55Z,1,True,0,0,4,MLB,,2026-09-01T14:24:03.234889+00:00
59571538,MLB15238956,catalog,5,"Produto de excelente qualidade, indico a todos do ml.",Há mais de 1 ano,2020-04-13T20:19:56Z,1,True,0,0,5,MLB,,2026-09-01T14:24:03.234889+00:00
58637850,MLB15238956,catalog,5,Maravilhosa para progressiva !.,Há mais de 1 ano,2020-03-27T10:21:18Z,1,True,0,0,6,MLB,,2026-09-01T14:24:03.234889+00:00
47826338,MLB15238956,catalog,5,Perfeito para progressiva. Muitoooo toppp.,Há mais de 1 ano,2019-10-26T15:35:34Z,1,True,0,0,7,MLB,,2026-09-01T14:24:03.234889+00:00
3005129428,MLB15238956,catalog,5,,Há 1 mês ,2026-07-08T13:15:20Z,0,False,9,0,8,MLB,https://http2.mlstatic.com/D_NQ_NP_644021-MLA114284853097_072026-F.jpg | https://http2.mlstatic.com/D_NQ_NP_681899-MLA113062918508_072026-F.jpg | https://http2.mlstatic.com/D_NQ_NP_804703-MLA113062890348_072026-F.jpg | https://http2.mlstatic.com/D_NQ_NP_621724-MLA114284421033_072026-F.jpg | https://http2.mlstatic.com/D_NQ_NP_622693-MLA113062890350_072026-F.jpg | https://http2.mlstatic.com/D_NQ_NP_956959-MLA114284392569_072026-F.jpg | https://http2.mlstatic.com/D_NQ_NP_998463-MLA113062918514_072026-F.jpg | https://http2.mlstatic.com/D_NQ_NP_711688-MLA113062890362_072026-F.jpg | https://http2.mlstatic.com/D_NQ_NP_732227-MLA113062890358_072026-F.jpg,2026-09-01T14:24:03.234889+00:00
2603955850,MLB15238956,catalog,5,"Eu amo.
Já é minha segunda.
Não troco por nada.
Super indico.
Faz cachos e alisa como nenhuma outra.
Perfeito.",Há 8 meses,2025-12-12T22:02:43Z,0,True,9,0,9,MLB,https://http2.mlstatic.com/D_NQ_NP_633028-MLA100698368248_122025-F.jpg | https://http2.mlstatic.com/D_NQ_NP_858492-MLA101194240725_122025-F.jpg | https://http2.mlstatic.com/D_NQ_NP_725994-MLA101194240741_122025-F.jpg | https://http2.mlstatic.com/D_NQ_NP_769279-MLA100698368264_122025-F.jpg | https://http2.mlstatic.com/D_NQ_NP_873485-MLA101194094311_122025-F.jpg | https://http2.mlstatic.com/D_NQ_NP_996174-MLA101194211517_122025-F.jpg | https://http2.mlstatic.com/D_NQ_NP_986060-MLA100698474964_122025-F.jpg | https://http2.mlstatic.com/D_NQ_NP_944935-MLA101194240721_122025-F.jpg | https://http2.mlstatic.com/D_NQ_NP_770602-MLA100698154122_122025-F.jpg,2026-09-01T14:24:03.234889+00:00
3088937140,MLB15238956,catalog,5,"Aquece super rápido, é um luxo. O que plancha sem dúvidas é minha melhor compra. Deixa o cabelo super liso e brilhante. É de titânio, o que é super bom para fazer progressivos. Sem dúvidas, 10 de 10. O cabo redondo e super longo está espetacular.",Há 1 semana,2026-08-22T23:48:12Z,0,True,5,2,10,MLU,https://http2.mlstatic.com/D_NQ_NP_899345-MLA116594394267_082026-F.jpg | https://http2.mlstatic.com/D_NQ_NP_612247-MLA116594623389_082026-F.jpg | https://http2.mlstatic.com/D_NQ_NP_698407-MLA116594679895_082026-F.jpg | https://http2.mlstatic.com/D_NQ_NP_610617-MLA115195056414_082026-F.jpg | https://http2.mlstatic.com/D_NQ_NP_663940-MLA115195058824_082026-F.jpg,2026-09-01T14:24:03.234889+00:00
2723564084,MLB15238956,catalog,5,,Há 6 meses,2026-02-03T14:13:55Z,0,False,7,0,1,MLB,https://http2.mlstatic.com/D_NQ_NP_770553-MLA106497877575_022026-F.jpg | https://http2.mlstatic.com/D_NQ_NP_978959-MLA106498204471_022026-F.jpg | https://http2.mlstatic.com/D_NQ_NP_787873-MLA105886503568_022026-F.jpg | https://http2.mlstatic.com/D_NQ_NP_988605-MLA105887625870_022026-F.jpg | https://http2.mlstatic.com/D_NQ_NP_847239-MLA105887596166_022026-F.jpg | https://http2.mlstatic.com/D_NQ_NP_937690-MLA106498528777_022026-F.jpg | https://http2.mlstatic.com/D_NQ_NP_884503-MLA105887596164_022026-F.jpg,2026-09-01T14:24:03.234889+00:00
671174806,MLB15238956,catalog,5,,Há mais de 1 ano,2023-09-18T22:43:07Z,0,False,7,0,2,MLB,https://http2.mlstatic.com/D_NQ_NP_888168-MLA71789848923_092023-F.jpg | https://http2.mlstatic.com/D_NQ_NP_911867-MLA71789838817_092023-F.jpg | https://http2.mlstatic.com/D_NQ_NP_843191-MLA71789848925_092023-F.jpg | https://http2.mlstatic.com/D_NQ_NP_757010-MLA71789848929_092023-F.jpg | https://http2.mlstatic.com/D_NQ_NP_733641-MLA71789838821_092023-F.jpg | https://http2.mlstatic.com/D_NQ_NP_824838-MLA71789711021_092023-F.jpg | https://http2.mlstatic.com/D_NQ_NP_651541-MLA71789838811_092023-F.jpg,2026-09-01T14:24:03.234889+00:00
3105757124,MLB15238956,catalog,5,Muito boa! comprei para a minha irmã e ela já testou e é maravilhosa mesmo🩶🖤.,Ontem,2026-08-31T23:04:57Z,0,True,5,1,3,MLB,https://http2.mlstatic.com/D_NQ_NP_751782-MLA115556217010_082026-F.jpg | https://http2.mlstatic.com/D_NQ_NP_704518-MLA115556217020_082026-F.jpg | https://http2.mlstatic.com/D_NQ_NP_771673-MLA115556133358_082026-F.jpg | https://http2.mlstatic.com/D_NQ_NP_688838-MLA115556414846_082026-F.jpg | https://http2.mlstatic.com/D_NQ_NP_987402-MLA115556300508_082026-F.jpg,2026-09-01T14:24:03.234889+00:00
3092407022,MLB15238956,catalog,5,"Ótima prancha, aquece muito rápido e não puxa o cabelo, recomendada para fazer queratinas.",Há 7 dias,2026-08-25T00:57:16Z,0,True,5,1,4,MLM,https://http2.mlstatic.com/D_NQ_NP_747879-MLA116673449081_082026-F.jpg | https://http2.mlstatic.com/D_NQ_NP_739472-MLA116673478991_082026-F.jpg | https://http2.mlstatic.com/D_NQ_NP_834435-MLA115268098026_082026-F.jpg | https://http2.mlstatic.com/D_NQ_NP_675594-MLA115268155856_082026-F.jpg | https://http2.mlstatic.com/D_NQ_NP_945594-MLA115268330082_082026-F.jpg,2026-09-01T14:24:03.234889+00:00
2990290061,MLB15238956,catalog,5,"Excelente produto 👏 de ótima qualidade, minha esposa amou, não queima as mãos e não puxa os fios de cabelo, ajuda muito na rapidez e qualidade do serviço, veio tudo certinho, bem embalado e entrega rápido.",Há 1 mês ,2026-07-05T22:31:18Z,0,True,6,0,5,MLB,https://http2.mlstatic.com/D_NQ_NP_833757-MLA112971474358_072026-F.jpg | https://http2.mlstatic.com/D_NQ_NP_706257-MLA114185257623_072026-F.jpg | https://http2.mlstatic.com/D_NQ_NP_784521-MLA114185230409_072026-F.jpg | https://http2.mlstatic.com/D_NQ_NP_810474-MLA112971395934_072026-F.jpg | https://http2.mlstatic.com/D_NQ_NP_987507-MLA114185283339_072026-F.jpg | https://http2.mlstatic.com/D_NQ_NP_916037-MLA112971342102_072026-F.jpg,2026-09-01T14:24:03.234889+00:00
1908949915,MLB15238956,catalog,5,,Há 1 ano,2025-03-12T02:06:34Z,0,False,6,0,6,MLB,https://http2.mlstatic.com/D_NQ_NP_906047-MLA82740911504_032025-F.jpg | https://http2.mlstatic.com/D_NQ_NP_938549-MLA83028597815_032025-F.jpg | https://http2.mlstatic.com/D_NQ_NP_909778-MLA83028597817_032025-F.jpg | https://http2.mlstatic.com/D_NQ_NP_930335-MLA82740853880_032025-F.jpg | https://http2.mlstatic.com/D_NQ_NP_604185-MLA83028626181_032025-F.jpg | https://http2.mlstatic.com/D_NQ_NP_711140-MLA83028616995_032025-F.jpg,2026-09-01T14:24:03.234889+00:00
3061063744,MLB15238956,catalog,5,Produto maravilhoso.,Há 3 semanas,2026-08-08T23:00:40Z,0,True,4,1,7,MLB,https://http2.mlstatic.com/D_NQ_NP_994137-MLA115825090635_082026-F.jpg | https://http2.mlstatic.com/D_NQ_NP_739897-MLA114473468436_082026-F.jpg | https://http2.mlstatic.com/D_NQ_NP_916403-MLA115824953695_082026-F.jpg | https://http2.mlstatic.com/D_NQ_NP_849512-MLA114473495738_082026-F.jpg,2026-09-01T14:24:03.234889+00:00
2979360785,MLB15238956,catalog,5,"Ainda não testei ,pois estou esperando a montagem do studio ,mas pela aparência , estou confiante.",Há 2 meses,2026-06-28T21:29:09Z,0,True,5,0,8,MLB,https://http2.mlstatic.com/D_NQ_NP_827459-MLA113884346583_062026-F.jpg | https://http2.mlstatic.com/D_NQ_NP_756212-MLA113884346591_062026-F.jpg | https://http2.mlstatic.com/D_NQ_NP_763929-MLA112697243692_062026-F.jpg | https://http2.mlstatic.com/D_NQ_NP_873474-MLA112697077304_062026-F.jpg | https://http2.mlstatic.com/D_NQ_NP_853542-MLA113884178429_062026-F.jpg,2026-09-01T14:24:03.234889+00:00
2911074747,MLB15238956,catalog,5,"Amei a prancha! 😍😍 esquenta muito a danada, o design dela facilita a passagem no cabelo, não precisa ficar apertado pra pranchar o cabelo, o cabo é enorme. Tem que tomar cuidado com a temperatura pode queimar o cabelo.",Há 3 meses,2026-05-21T22:19:18Z,0,True,5,0,9,MLB,https://http2.mlstatic.com/D_NQ_NP_657808-MLA111035745042_052026-F.jpg | https://http2.mlstatic.com/D_NQ_NP_784480-MLA112012587773_052026-F.jpg | https://http2.mlstatic.com/D_NQ_NP_691226-MLA111034692260_052026-F.jpg | https://http2.mlstatic.com/D_NQ_NP_885985-MLA112011619411_052026-F.jpg | https://http2.mlstatic.com/D_NQ_NP_775328-MLA112011649567_052026-F.jpg,2026-09-01T14:24:03.234889+00:00
2883850452,MLB15238956,catalog,5,Minha esposa adorou achou ela excelente está muito feliz.,Há 3 meses,2026-05-02T22:19:27Z,0,True,5,0,10,MLB,https://http2.mlstatic.com/D_NQ_NP_730046-MLA110218624788_052026-F.jpg | https://http2.mlstatic.com/D_NQ_NP_748520-MLA110218854088_052026-F.jpg | https://http2.mlstatic.com/D_NQ_NP_945444-MLA111141583059_052026-F.jpg | https://http2.mlstatic.com/D_NQ_NP_725702-MLA110218743870_052026-F.jpg | https://http2.mlstatic.com/D_NQ_NP_763134-MLA110218996688_052026-F.jpg,2026-09-01T14:24:03.234889+00:00
2838293173,MLB15238956,catalog,5,,Há 4 meses,2026-04-13T17:49:39Z,0,False,5,0,1,MLB,https://http2.mlstatic.com/D_NQ_NP_811274-MLA109513406968_042026-F.jpg | https://http2.mlstatic.com/D_NQ_NP_803902-MLA110384789781_042026-F.jpg | https://http2.mlstatic.com/D_NQ_NP_769263-MLA109513493658_042026-F.jpg | https://http2.mlstatic.com/D_NQ_NP_768578-MLA109512847448_042026-F.jpg | https://http2.mlstatic.com/D_NQ_NP_762667-MLA110548551667_042026-F.jpg,2026-09-01T14:24:03.234889+00:00
2839774920,MLB15238956,catalog,5,"Produto muito bom , esquenta muito rápido e não quebra o cabelo, achei ela leve , bom que não dói a mão , recomendo muito.",Há 4 meses,2026-04-08T20:09:24Z,0,True,5,0,2,MLB,https://http2.mlstatic.com/D_NQ_NP_869371-MLA110178118515_042026-F.jpg | https://http2.mlstatic.com/D_NQ_NP_730530-MLA110178148463_042026-F.jpg | https://http2.mlstatic.com/D_NQ_NP_922309-MLA110178088427_042026-F.jpg | https://http2.mlstatic.com/D_NQ_NP_692059-MLA110177514419_042026-F.jpg | https://http2.mlstatic.com/D_NQ_NP_861850-MLA110177544557_042026-F.jpg,2026-09-01T14:24:03.234889+00:00
2814084180,MLB15238956,catalog,5,Amei demais.,Há 5 meses,2026-03-24T04:15:59Z,0,True,5,0,3,MLB,https://http2.mlstatic.com/D_NQ_NP_646421-MLA108507935892_032026-F.jpg | https://http2.mlstatic.com/D_NQ_NP_643357-MLA108507905706_032026-F.jpg | https://http2.mlstatic.com/D_NQ_NP_643501-MLA108508591484_032026-F.jpg | https://http2.mlstatic.com/D_NQ_NP_803207-MLA109309268799_032026-F.jpg | https://http2.mlstatic.com/D_NQ_NP_798310-MLA109307240627_032026-F.jpg,2026-09-01T14:24:03.234889+00:00
2791706424,MLB15238956,catalog,5,,Há 5 meses,2026-03-11T19:50:37Z,0,False,5,0,4,MLB,https://http2.mlstatic.com/D_NQ_NP_794845-MLA107760510704_032026-F.jpg | https://http2.mlstatic.com/D_NQ_NP_833728-MLA108506158445_032026-F.jpg | https://http2.mlstatic.com/D_NQ_NP_745678-MLA107761791714_032026-F.jpg | https://http2.mlstatic.com/D_NQ_NP_852173-MLA108504879727_032026-F.jpg | https://http2.mlstatic.com/D_NQ_NP_913662-MLA108503929965_032026-F.jpg,2026-09-01T14:24:03.234889+00:00
2754701377,MLB15238956,catalog,5,Produto chegou perfeito super rápido prancha muito boa muito profissional já testei já fiz progressiva com ela super indico.,Há 6 meses,2026-02-24T23:26:52Z,0,True,5,0,5,MLB,https://http2.mlstatic.com/D_NQ_NP_674146-MLA106917592718_022026-F.jpg | https://http2.mlstatic.com/D_NQ_NP_825173-MLA107598614793_022026-F.jpg | https://http2.mlstatic.com/D_NQ_NP_857938-MLA107597813821_022026-F.jpg | https://http2.mlstatic.com/D_NQ_NP_724018-MLA107598404649_022026-F.jpg | https://http2.mlstatic.com/D_NQ_NP_823796-MLA107597873995_022026-F.jpg,2026-09-01T14:24:03.234889+00:00
2754074762,MLB15238956,catalog,5,Linda e esquenta muito rápido.,Há 6 meses,2026-02-19T20:17:58Z,0,True,5,0,6,MLB,https://http2.mlstatic.com/D_NQ_NP_855026-MLA106756474830_022026-F.jpg | https://http2.mlstatic.com/D_NQ_NP_823266-MLA107426163745_022026-F.jpg | https://http2.mlstatic.com/D_NQ_NP_688151-MLA106756999272_022026-F.jpg | https://http2.mlstatic.com/D_NQ_NP_948033-MLA106756415992_022026-F.jpg | https://http2.mlstatic.com/D_NQ_NP_969807-MLA106756849886_022026-F.jpg,2026-09-01T14:24:03.234889+00:00
2676641114,MLB15238956,catalog,5,Ótima. Recomendo muito.,Há 7 meses,2026-01-12T14:14:29Z,0,True,5,0,7,MLB,https://http2.mlstatic.com/D_NQ_NP_773445-MLA104541113617_012026-F.jpg | https://http2.mlstatic.com/D_NQ_NP_650931-MLA104002573998_012026-F.jpg | https://http2.mlstatic.com/D_NQ_NP_966471-MLA104542930139_012026-F.jpg | https://http2.mlstatic.com/D_NQ_NP_742226-MLA104004446950_012026-F.jpg | https://http2.mlstatic.com/D_NQ_NP_982803-MLA104542840351_012026-F.jpg,2026-09-01T14:24:03.234889+00:00
2653646781,MLB15238956,catalog,5,Excelente chapinha leve e fácil manuseio. Esquenta muito e isso é ótimo para progressiva. Vale cada centavo.,Há 7 meses,2026-01-05T19:39:39Z,0,True,5,0,8,MLB,https://http2.mlstatic.com/D_NQ_NP_891490-MLA103755347885_012026-F.jpg | https://http2.mlstatic.com/D_NQ_NP_738890-MLA103238572482_012026-F.jpg | https://http2.mlstatic.com/D_NQ_NP_761298-MLA103755180403_012026-F.jpg | https://http2.mlstatic.com/D_NQ_NP_701789-MLA103755347877_012026-F.jpg | https://http2.mlstatic.com/D_NQ_NP_642639-MLA103755337919_012026-F.jpg,2026-09-01T14:24:03.234889+00:00
2619309187,MLB15238956,catalog,5,,Há 8 meses,2025-12-20T16:50:51Z,0,False,5,0,9,MLB,https://http2.mlstatic.com/D_NQ_NP_941200-MLA102003255413_122025-F.jpg | https://http2.mlstatic.com/D_NQ_NP_852058-MLA102002930121_122025-F.jpg | https://http2.mlstatic.com/D_NQ_NP_939669-MLA102002821007_122025-F.jpg | https://http2.mlstatic.com/D_NQ_NP_652528-MLA102003186221_122025-F.jpg | https://http2.mlstatic.com/D_NQ_NP_997208-MLA101499673934_122025-F.jpg,2026-09-01T14:24:03.234889+00:00
2557702005,MLB15238956,catalog,5,"Produto de ótima qualidade, bons materiais, cumpre o prometido, esquenta muito rápido, sugiro usar luvas pretas para não queimar a mão por precaução por muito tempo de uso. Seguir as recomendações de temperatura conforme o fabricante. Com poucas passadas no cabelo já dá resultado. Recomendo esse produto.",Há 9 meses,2025-11-30T15:51:08Z,0,True,5,0,10,MLB,https://http2.mlstatic.com/D_NQ_NP_729018-MLA99496622992_112025-F.jpg | https://http2.mlstatic.com/D_NQ_NP_635131-MLA99980634457_112025-F.jpg | https://http2.mlstatic.com/D_NQ_NP_727669-MLA99496682556_112025-F.jpg | https://http2.mlstatic.com/D_NQ_NP_946055-MLA99496741696_112025-F.jpg | https://http2.mlstatic.com/D_NQ_NP_707446-MLA99496682554_112025-F.jpg,2026-09-01T14:24:03.234889+00:00
2546212556,MLB15238956,catalog,5,,Há 9 meses,2025-11-24T16:10:21Z,0,False,5,0,1,MLB,https://http2.mlstatic.com/D_NQ_NP_950129-MLA99394896397_112025-F.jpg | https://http2.mlstatic.com/D_NQ_NP_647692-MLA99394542139_112025-F.jpg | https://http2.mlstatic.com/D_NQ_NP_877027-MLA99394916177_112025-F.jpg | https://http2.mlstatic.com/D_NQ_NP_668641-MLA99394631339_112025-F.jpg | https://http2.mlstatic.com/D_NQ_NP_610957-MLA99394896379_112025-F.jpg,2026-09-01T14:24:03.234889+00:00
2481755271,MLB15238956,catalog,5,,Há 9 meses,2025-11-07T13:27:06Z,0,False,5,0,2,MLB,https://http2.mlstatic.com/D_NQ_NP_869674-MLA97550907451_112025-F.jpg | https://http2.mlstatic.com/D_NQ_NP_651918-MLA97091773856_112025-F.jpg | https://http2.mlstatic.com/D_NQ_NP_698998-MLA97550401437_112025-F.jpg | https://http2.mlstatic.com/D_NQ_NP_843547-MLA97091704270_112025-F.jpg | https://http2.mlstatic.com/D_NQ_NP_938763-MLA97550401439_112025-F.jpg,2026-09-01T14:24:03.234889+00:00
2482262436,MLB15238956,catalog,5,,Há 9 meses,2025-11-05T15:23:06Z,0,False,5,0,3,MLB,https://http2.mlstatic.com/D_NQ_NP_869194-MLA97334388539_112025-F.jpg | https://http2.mlstatic.com/D_NQ_NP_763280-MLA97334437585_112025-F.jpg | https://http2.mlstatic.com/D_NQ_NP_758462-MLA97334388537_112025-F.jpg | https://http2.mlstatic.com/D_NQ_NP_875400-MLA96877898522_112025-F.jpg | https://http2.mlstatic.com/D_NQ_NP_961606-MLA96878016760_112025-F.jpg,2026-09-01T14:24:03.234889+00:00
2467928884,MLB15238956,catalog,5,,Há 10 meses,2025-10-30T22:25:45Z,0,False,5,0,4,MLB,https://http2.mlstatic.com/D_NQ_NP_760743-MLA96769785955_102025-F.jpg | https://http2.mlstatic.com/D_NQ_NP_852382-MLA96320242950_102025-F.jpg | https://http2.mlstatic.com/D_NQ_NP_964451-MLA96320183970_102025-F.jpg | https://http2.mlstatic.com/D_NQ_NP_934082-MLA96320183968_102025-F.jpg | https://http2.mlstatic.com/D_NQ_NP_842875-MLA96769668205_102025-F.jpg,2026-09-01T14:24:03.234889+00:00
2450379847,MLB15238956,catalog,5,"Parece muito boa ,pesquisei bastante pra decidir comprar ,esquenta rapidinho mesmo ,vamos ver com o tempo como será ,comprei pra fazer progressiva em mim mesma ,então não será usada muitas vezes e todos os dias ,apenas de 3 em 3 meses.",Há 10 meses,2025-10-26T21:46:26Z,0,True,5,0,5,MLB,https://http2.mlstatic.com/D_NQ_NP_957835-MLA95877086652_102025-F.jpg | https://http2.mlstatic.com/D_NQ_NP_605082-MLA96319561233_102025-F.jpg | https://http2.mlstatic.com/D_NQ_NP_772694-MLA96319551463_102025-F.jpg | https://http2.mlstatic.com/D_NQ_NP_736803-MLA95876971378_102025-F.jpg | https://http2.mlstatic.com/D_NQ_NP_645584-MLA96319561229_102025-F.jpg,2026-09-01T14:24:03.234889+00:00
2000668648,MLB15238956,catalog,5,,Há 1 ano,2025-04-18T18:51:08Z,0,False,5,0,6,MLB,https://http2.mlstatic.com/D_NQ_NP_838102-MLA83880448121_042025-F.jpg | https://http2.mlstatic.com/D_NQ_NP_617575-MLA83587439542_042025-F.jpg | https://http2.mlstatic.com/D_NQ_NP_848663-MLA83880448119_042025-F.jpg | https://http2.mlstatic.com/D_NQ_NP_759986-MLA83587399426_042025-F.jpg | https://http2.mlstatic.com/D_NQ_NP_856761-MLA83880448125_042025-F.jpg,2026-09-01T14:24:03.234889+00:00
1297786604,MLB15238956,catalog,5,,Há mais de 1 ano,2024-06-28T21:04:10Z,0,False,5,0,7,MLB,https://http2.mlstatic.com/D_NQ_NP_618264-MLA77116094800_062024-F.jpg | https://http2.mlstatic.com/D_NQ_NP_624137-MLA77328917477_062024-F.jpg | https://http2.mlstatic.com/D_NQ_NP_637097-MLA77328781283_062024-F.jpg | https://http2.mlstatic.com/D_NQ_NP_699080-MLA77116094804_062024-F.jpg | https://http2.mlstatic.com/D_NQ_NP_838160-MLA77116017044_062024-F.jpg,2026-09-01T14:24:03.234889+00:00
3090791661,MLB15238956,catalog,5,Perfeita.,Há 3 dias,2026-08-29T18:10:22Z,0,True,4,0,8,MLB,https://http2.mlstatic.com/D_NQ_NP_825980-MLA116914005231_082026-F.jpg | https://http2.mlstatic.com/D_NQ_NP_969477-MLA116914005233_082026-F.jpg | https://http2.mlstatic.com/D_NQ_NP_904313-MLA116914033581_082026-F.jpg | https://http2.mlstatic.com/D_NQ_NP_867101-MLA115484339070_082026-F.jpg,2026-09-01T14:24:03.234889+00:00
3081409013,MLB15238956,catalog,5,"Acabei de receber, vamos testar a qualidade.",Há 1 semana,2026-08-24T23:24:19Z,0,True,3,1,9,MLM,https://http2.mlstatic.com/D_NQ_NP_722741-MLA116671525427_082026-F.jpg | https://http2.mlstatic.com/D_NQ_NP_605425-MLA115266185300_082026-F.jpg | https://http2.mlstatic.com/D_NQ_NP_945132-MLA116671359115_082026-F.jpg,2026-09-01T14:24:03.234889+00:00
3084430782,MLB15238956,catalog,5,"Vou da cinco estrelas msm que não tenha o dado ainda, porém fiz o teste pra ver se estava funcionando direitinho, e sim.
Ela é linda , exatamente como na foto , veio cuidadosamente embalada. Leiam o manual pq lá explica a temperatura pra cada tipo de cabelo 😘.",Há 1 semana,2026-08-20T14:23:36Z,0,True,3,1,10,MLB,https://http2.mlstatic.com/D_NQ_NP_778982-MLA115098516648_082026-F.jpg | https://http2.mlstatic.com/D_NQ_NP_931544-MLA115098544716_082026-F.jpg | https://http2.mlstatic.com/D_NQ_NP_618914-MLA116491315749_082026-F.jpg,2026-09-01T14:24:03.234889+00:00
3063146746,MLB15238956,catalog,5,"Maravilhosa, amei muito comprarei novamente.",Há 3 semanas,2026-08-10T13:37:27Z,0,True,4,0,1,MLB,https://http2.mlstatic.com/D_NQ_NP_623388-MLA114532503714_082026-F.jpg | https://http2.mlstatic.com/D_NQ_NP_755684-MLA114532503718_082026-F.jpg | https://http2.mlstatic.com/D_NQ_NP_803604-MLA115888982873_082026-F.jpg | https://http2.mlstatic.com/D_NQ_NP_712990-MLA115889128459_082026-F.jpg,2026-09-01T14:24:03.234889+00:00
3045065718,MLB15238956,catalog,5,"É uma compra e tanta! vale cada centavo, design lindo demais, esquenta muito, tem o fio extremamente longo. Painel digital, controle de temperatura.
Vem com uma bolsinha de veludo pra guardar, puro luxo!.",Há 1 mês ,2026-07-30T21:39:13Z,0,True,3,1,2,MLB,https://http2.mlstatic.com/D_NQ_NP_855078-MLA114034794120_072026-F.jpg | https://http2.mlstatic.com/D_NQ_NP_940582-MLA115354731153_072026-F.jpg | https://http2.mlstatic.com/D_NQ_NP_839157-MLA114034939774_072026-F.jpg,2026-09-01T14:24:03.234889+00:00
3033715157,MLB15238956,catalog,5,Gostei chegou certinho e rápido.,Há 1 mês ,2026-07-30T15:21:02Z,0,True,3,1,3,MLB,https://http2.mlstatic.com/D_NQ_NP_636227-MLA114022986092_072026-F.jpg | https://http2.mlstatic.com/D_NQ_NP_914379-MLA115342120979_072026-F.jpg | https://http2.mlstatic.com/D_NQ_NP_776674-MLA115341915909_072026-F.jpg,2026-09-01T14:24:03.234889+00:00
3039759862,MLB15238956,catalog,5,"Chapinha excelente! esquenta muito rápido e desliza facilmente no cabelo, sem puxar os fios. Meu cabelo ficou bem liso com poucas passadas e o resultado durou bastante. Gostei da qualidade, do acabamento e do custo-benefício. Recomendo a compra!.",Há 1 mês ,2026-07-28T00:34:35Z,0,True,3,1,4,MLB,https://http2.mlstatic.com/D_NQ_NP_631000-MLA113907116954_072026-F.jpg | https://http2.mlstatic.com/D_NQ_NP_975914-MLA115213544293_072026-F.jpg | https://http2.mlstatic.com/D_NQ_NP_969892-MLA113907203908_072026-F.jpg,2026-09-01T14:24:03.234889+00:00
3012710133,MLB15238956,catalog,5,Linda veio bem embalado! ainda não usei! mais amei ela.,Há 1 mês ,2026-07-18T12:10:10Z,0,True,4,0,5,MLB,https://http2.mlstatic.com/D_NQ_NP_609107-MLA113492644724_072026-F.jpg | https://http2.mlstatic.com/D_NQ_NP_651660-MLA113492759572_072026-F.jpg | https://http2.mlstatic.com/D_NQ_NP_835830-MLA113492671098_072026-F.jpg | https://http2.mlstatic.com/D_NQ_NP_988078-MLA114757912549_072026-F.jpg,2026-09-01T14:24:03.234889+00:00
3003059861,MLB15238956,catalog,5,"Nossa a chapinha é linda! esquenta muiito, alisa divinamente, porém tem que ter muito cuidado, pois devido sua alta temperatura, faça o teste de mecha para melhor aplicabilidade.
Vem com essa capa de veludo bem linda tbm, como se fosse um case.
Pesquisei muito antes da compra, e ainda não usei para fazer minha progressiva, apenas testei.
Ah, tbm percebi que quando ligo ela, sinto uma certa frequência na energia da casa, é como que ela tem uma alta tensão, e olhe que aqui nossa rede é 220v.
Indico a compra, e acredito que ela faz um mega trabalho!.",Há 1 mês ,2026-07-13T12:20:50Z,0,True,4,0,6,MLB,https://http2.mlstatic.com/D_NQ_NP_637221-MLA113244657588_072026-F.jpg | https://http2.mlstatic.com/D_NQ_NP_712218-MLA113245338348_072026-F.jpg | https://http2.mlstatic.com/D_NQ_NP_723441-MLA113245338338_072026-F.jpg | https://http2.mlstatic.com/D_NQ_NP_651257-MLA113245397764_072026-F.jpg,2026-09-01T14:24:03.234889+00:00
3003519604,MLB15238956,catalog,5,"Excelente, super reforçada, cabelo desliza na placa, tem ajuste de temperatura, apesar de pesada, ela tem uma pegada confortável, o cabo é giratório, facilita pra q não estrague fácil, já fiz uma selagem e amei!.",Há 1 mês ,2026-07-07T15:50:41Z,0,True,4,0,7,MLB,https://http2.mlstatic.com/D_NQ_NP_681557-MLA113031172880_072026-F.jpg | https://http2.mlstatic.com/D_NQ_NP_665372-MLA113031285834_072026-F.jpg | https://http2.mlstatic.com/D_NQ_NP_978219-MLA113030828994_072026-F.jpg | https://http2.mlstatic.com/D_NQ_NP_626110-MLA113030996508_072026-F.jpg,2026-09-01T14:24:03.234889+00:00
3003479786,MLB15238956,catalog,5,"A prancha é maravilhosa,comprem sem medo.
O cabo é giratório e enorme que facilita muito o manuseio.
O cabelo fica perfeito.",Há 1 mês ,2026-07-07T15:28:51Z,0,True,3,1,8,MLB,https://http2.mlstatic.com/D_NQ_NP_773740-MLA114249765471_072026-F.jpg | https://http2.mlstatic.com/D_NQ_NP_663027-MLA114249822319_072026-F.jpg | https://http2.mlstatic.com/D_NQ_NP_682849-MLA114249792523_072026-F.jpg,2026-09-01T14:24:03.234889+00:00
2984564673,MLB15238956,catalog,5,,Há 1 mês ,2026-07-02T03:36:50Z,0,False,4,0,9,MLB,https://http2.mlstatic.com/D_NQ_NP_642750-MLA114026710255_072026-F.jpg | https://http2.mlstatic.com/D_NQ_NP_893918-MLA114026680205_072026-F.jpg | https://http2.mlstatic.com/D_NQ_NP_945924-MLA112828884280_072026-F.jpg | https://http2.mlstatic.com/D_NQ_NP_613724-MLA114030296247_072026-F.jpg,2026-09-01T14:24:03.234889+00:00
2971555521,MLB15238956,catalog,5,"Eu recomendo-a, podem comprá-la, não se vão arrepender.",Há 2 meses,2026-06-23T22:00:20Z,0,True,3,1,10,MLB,https://http2.mlstatic.com/D_NQ_NP_879652-MLA112509782976_062026-F.jpg | https://http2.mlstatic.com/D_NQ_NP_791518-MLA112509522060_062026-F.jpg | https://http2.mlstatic.com/D_NQ_NP_925642-MLA112510221730_062026-F.jpg,2026-09-01T14:24:03.234889+00:00
